Respondent_ID,Timestamp,Age_Group,Gender,Region,Preferred_Product,Satisfaction_Rating,Feedback,Date
1,2024-01-19 01:44:00,35-44,Male,North,Product C,3,Not satisfied,2024-01-19
2,2024-02-08 19:14:00,45+,Male,North,Product B,5,Excellent product,2024-02-08
3,2024-03-25 22:08:00,18-24,Male,West,Product B,3,Highly recommended,2024-03-25
4,2024-02-12 18:01:00,45+,Other,West,Product A,4,Good value,2024-02-12
5,2024-01-16 23:16:00,45+,Female,West,Product B,1,Not satisfied,2024-01-16
6,2024-02-21 19:55:00,25-34,Male,West,Product B,2,Not satisfied,2024-02-21
7,2024-01-15 07:31:00,18-24,Other,South,Product A,2,Average experience,2024-01-15
8,2024-02-20 10:50:00,18-24,Male,South,Product D,5,Excellent product,2024-02-20
9,2024-03-18 11:38:00,35-44,Female,North,Product C,5,Very useful,2024-03-18
10,2024-01-25 10:24:00,25-34,Female,South,Product D,4,Highly recommended,2024-01-25
11,2024-02-25 12:21:00,35-44,Other,West,Product B,5,Average experience,2024-02-25
12,2024-03-23 19:46:00,45+,Other,East,Product B,3,Not satisfied,2024-03-23
13,2024-01-20 05:02:00,18-24,Female,South,Product D,2,Very useful,2024-01-20
14,2024-02-11 11:24:00,18-24,Male,South,Product A,4,Average experience,2024-02-11
15,2024-03-16 08:01:00,25-34,Other,North,Product A,3,Excellent product,2024-03-16
16,2024-02-26 07:47:00,25-34,Male,North,Product B,4,Very useful,2024-02-26
17,2024-02-02 11:08:00,35-44,Male,West,Product C,5,Average experience,2024-02-02
18,2024-01-22 14:16:00,18-24,Male,West,Product C,2,Excellent product,2024-01-22
19,2024-02-08 22:02:00,25-34,Other,North,Product B,1,Highly recommended,2024-02-08
20,2024-03-14 09:41:00,18-24,Male,East,Product A,1,Needs improvement,2024-03-14
21,2024-01-03 23:04:00,45+,Other,South,Product D,4,Excellent product,2024-01-03
22,2024-03-16 09:32:00,45+,Other,North,Product A,4,Not satisfied,2024-03-16
23,2024-02-10 23:14:00,25-34,Male,East,Product C,4,Highly recommended,2024-02-10
24,2024-02-13 09:25:00,25-34,Male,North,Product A,5,Good value,2024-02-13
25,2024-01-11 23:19:00,35-44,Other,North,Product B,3,Needs improvement,2024-01-11
26,2024-03-29 00:40:00,45+,Other,South,Product A,2,Highly recommended,2024-03-29
27,2024-03-28 07:16:00,45+,Female,South,Product D,3,Highly recommended,2024-03-28
28,2024-02-02 12:00:00,35-44,Female,West,Product A,3,Not satisfied,2024-02-02
29,2024-03-14 00:06:00,18-24,Other,West,Product C,2,Needs improvement,2024-03-14
30,2024-02-15 16:48:00,35-44,Female,West,Product B,1,Excellent product,2024-02-15
31,2024-01-14 12:32:00,25-34,Female,West,Product B,3,Average experience,2024-01-14
32,2024-03-25 14:21:00,25-34,Female,West,Product A,4,Needs improvement,2024-03-25
33,2024-03-14 04:24:00,25-34,Female,North,Product A,4,Good value,2024-03-14
34,2024-03-22 17:34:00,45+,Other,West,Product A,4,Very useful,2024-03-22
35,2024-01-13 06:05:00,45+,Female,West,Product C,1,Highly recommended,2024-01-13
36,2024-01-05 08:29:00,35-44,Other,North,Product C,4,Good value,2024-01-05
37,2024-01-13 04:30:00,35-44,Female,North,Product C,3,Not satisfied,2024-01-13
38,2024-02-12 21:02:00,25-34,Other,North,Product A,2,Good value,2024-02-12
39,2024-01-30 19:27:00,25-34,Other,North,Product C,1,Average experience,2024-01-30
40,2024-01-19 21:46:00,45+,Male,South,Product A,4,Average experience,2024-01-19
41,2024-02-01 17:24:00,18-24,Female,North,Product C,2,Good value,2024-02-01
42,2024-02-05 12:17:00,18-24,Female,North,Product C,2,Very useful,2024-02-05
43,2024-03-10 16:32:00,35-44,Other,South,Product B,3,Highly recommended,2024-03-10
44,2024-03-03 23:23:00,35-44,Male,East,Product D,4,Average experience,2024-03-03
45,2024-01-15 22:53:00,35-44,Female,South,Product A,1,Good value,2024-01-15
46,2024-03-27 23:30:00,18-24,Other,South,Product D,5,Needs improvement,2024-03-27
47,2024-01-12 13:28:00,45+,Female,North,Product C,2,Not satisfied,2024-01-12
48,2024-01-08 00:59:00,18-24,Male,East,Product D,5,Excellent product,2024-01-08
49,2024-01-18 08:46:00,35-44,Other,East,Product A,3,Very useful,2024-01-18
50,2024-03-09 00:37:00,35-44,Female,South,Product D,3,Good value,2024-03-09
51,2024-03-11 04:54:00,35-44,Other,West,Product A,5,Good value,2024-03-11
52,2024-03-26 10:32:00,25-34,Male,South,Product C,3,Not satisfied,2024-03-26
53,2024-01-17 16:55:00,35-44,Female,East,Product A,4,Average experience,2024-01-17
54,2024-02-09 01:16:00,18-24,Female,North,Product D,1,Not satisfied,2024-02-09
55,2024-01-05 01:13:00,45+,Female,North,Product A,5,Not satisfied,2024-01-05
56,2024-02-16 09:39:00,45+,Female,North,Product A,3,Highly recommended,2024-02-16
57,2024-03-16 19:24:00,45+,Other,North,Product A,3,Average experience,2024-03-16
58,2024-01-16 06:17:00,45+,Female,East,Product D,3,Excellent product,2024-01-16
59,2024-02-23 05:22:00,18-24,Other,West,Product A,1,Good value,2024-02-23
60,2024-02-09 05:54:00,35-44,Male,South,Product B,2,Highly recommended,2024-02-09
61,2024-02-19 02:51:00,45+,Other,West,Product D,4,Very useful,2024-02-19
62,2024-02-20 22:23:00,25-34,Female,West,Product B,2,Good value,2024-02-20
63,2024-02-19 15:35:00,25-34,Male,East,Product C,4,Not satisfied,2024-02-19
64,2024-01-09 09:16:00,45+,Male,South,Product C,1,Excellent product,2024-01-09
65,2024-02-12 03:26:00,18-24,Female,West,Product C,4,Good value,2024-02-12
66,2024-03-11 08:37:00,25-34,Female,South,Product D,3,Highly recommended,2024-03-11
67,2024-02-21 01:15:00,25-34,Male,North,Product D,5,Very useful,2024-02-21
68,2024-01-04 15:05:00,18-24,Other,West,Product B,3,Not satisfied,2024-01-04
69,2024-03-03 15:51:00,25-34,Other,West,Product C,3,Highly recommended,2024-03-03
70,2024-01-03 11:02:00,25-34,Female,West,Product D,1,Highly recommended,2024-01-03
71,2024-03-27 04:50:00,35-44,Male,West,Product D,4,Excellent product,2024-03-27
72,2024-02-17 07:43:00,35-44,Male,West,Product B,3,Excellent product,2024-02-17
73,2024-01-31 05:47:00,45+,Male,South,Product B,3,Not satisfied,2024-01-31
74,2024-03-24 16:56:00,18-24,Male,East,Product A,4,Excellent product,2024-03-24
75,2024-01-05 14:44:00,45+,Male,West,Product D,2,Very useful,2024-01-05
76,2024-02-15 02:15:00,25-34,Other,North,Product B,4,Average experience,2024-02-15
77,2024-02-18 09:49:00,35-44,Male,East,Product A,4,Not satisfied,2024-02-18
78,2024-03-07 04:10:00,45+,Male,South,Product C,2,Highly recommended,2024-03-07
79,2024-03-08 07:33:00,25-34,Other,East,Product B,2,Excellent product,2024-03-08
80,2024-01-24 17:32:00,35-44,Male,South,Product B,5,Not satisfied,2024-01-24
81,2024-01-14 07:52:00,18-24,Other,North,Product A,2,Needs improvement,2024-01-14
82,2024-02-16 14:13:00,18-24,Male,North,Product D,1,Needs improvement,2024-02-16
83,2024-01-24 09:34:00,45+,Female,South,Product A,3,Excellent product,2024-01-24
84,2024-01-18 07:50:00,35-44,Male,West,Product A,1,Needs improvement,2024-01-18
85,2024-01-06 14:24:00,25-34,Female,North,Product A,5,Not satisfied,2024-01-06
86,2024-01-07 06:54:00,35-44,Male,North,Product A,3,Very useful,2024-01-07
87,2024-02-15 14:58:00,25-34,Male,East,Product B,3,Needs improvement,2024-02-15
88,2024-03-02 06:20:00,18-24,Other,East,Product B,5,Not satisfied,2024-03-02
89,2024-02-15 22:11:00,45+,Other,South,Product B,3,Excellent product,2024-02-15
90,2024-01-23 20:10:00,45+,Other,South,Product B,4,Excellent product,2024-01-23
91,2024-01-17 02:16:00,45+,Male,South,Product A,3,Highly recommended,2024-01-17
92,2024-01-12 07:11:00,18-24,Female,North,Product B,1,Needs improvement,2024-01-12
93,2024-03-25 00:01:00,18-24,Other,West,Product C,2,Good value,2024-03-25
94,2024-01-13 04:35:00,25-34,Female,South,Product B,4,Highly recommended,2024-01-13
95,2024-02-18 02:26:00,25-34,Female,West,Product B,5,Highly recommended,2024-02-18
96,2024-03-23 18:32:00,25-34,Male,East,Product A,4,Excellent product,2024-03-23
97,2024-01-29 01:56:00,25-34,Female,North,Product D,3,Good value,2024-01-29
98,2024-02-28 20:46:00,18-24,Other,South,Product C,4,Highly recommended,2024-02-28
99,2024-03-13 20:47:00,25-34,Other,East,Product B,4,Good value,2024-03-13
100,2024-01-23 15:29:00,18-24,Other,North,Product D,5,Very useful,2024-01-23
101,2024-01-18 04:17:00,35-44,Female,East,Product B,4,Very useful,2024-01-18
102,2024-03-10 20:14:00,45+,Male,East,Product D,2,Highly recommended,2024-03-10
103,2024-01-18 20:19:00,25-34,Female,South,Product B,4,Excellent product,2024-01-18
104,2024-01-26 08:34:00,45+,Other,North,Product C,1,Not satisfied,2024-01-26
105,2024-01-08 18:33:00,35-44,Female,North,Product B,4,Very useful,2024-01-08
106,2024-03-13 08:51:00,45+,Male,West,Product C,1,Not satisfied,2024-03-13
107,2024-01-26 19:46:00,25-34,Other,North,Product B,1,Highly recommended,2024-01-26
108,2024-01-23 07:45:00,25-34,Male,South,Product A,2,Needs improvement,2024-01-23
109,2024-03-21 12:33:00,18-24,Other,East,Product C,1,Very useful,2024-03-21
110,2024-02-07 20:49:00,45+,Male,North,Product C,4,Highly recommended,2024-02-07
111,2024-02-10 01:15:00,25-34,Male,East,Product B,2,Not satisfied,2024-02-10
112,2024-02-04 23:48:00,18-24,Female,South,Product C,4,Not satisfied,2024-02-04
113,2024-03-09 17:55:00,18-24,Male,North,Product B,4,Average experience,2024-03-09
114,2024-02-03 02:24:00,35-44,Other,West,Product C,1,Not satisfied,2024-02-03
115,2024-02-20 04:52:00,45+,Other,West,Product A,2,Excellent product,2024-02-20
116,2024-01-31 13:43:00,25-34,Other,South,Product C,5,Good value,2024-01-31
117,2024-03-25 12:09:00,18-24,Male,West,Product C,3,Average experience,2024-03-25
118,2024-02-11 23:59:00,18-24,Male,West,Product D,5,Good value,2024-02-11
119,2024-03-21 07:33:00,45+,Other,South,Product B,1,Good value,2024-03-21
120,2024-02-22 14:47:00,45+,Female,North,Product C,3,Excellent product,2024-02-22
121,2024-02-17 06:42:00,25-34,Male,North,Product A,4,Needs improvement,2024-02-17
122,2024-03-25 13:27:00,45+,Female,North,Product C,1,Average experience,2024-03-25
123,2024-01-15 17:58:00,18-24,Male,South,Product D,5,Very useful,2024-01-15
124,2024-02-01 07:15:00,45+,Other,South,Product A,4,Needs improvement,2024-02-01
125,2024-03-16 15:49:00,45+,Female,South,Product B,5,Not satisfied,2024-03-16
126,2024-02-10 10:14:00,35-44,Female,West,Product D,5,Not satisfied,2024-02-10
127,2024-01-29 13:57:00,45+,Female,East,Product A,2,Good value,2024-01-29
128,2024-03-12 04:19:00,45+,Female,North,Product D,3,Excellent product,2024-03-12
129,2024-01-18 02:49:00,35-44,Male,North,Product A,1,Very useful,2024-01-18
130,2024-01-02 12:13:00,45+,Male,North,Product B,5,Not satisfied,2024-01-02
131,2024-02-15 03:16:00,45+,Other,South,Product D,3,Highly recommended,2024-02-15
132,2024-02-07 02:40:00,18-24,Male,East,Product A,1,Very useful,2024-02-07
133,2024-03-07 19:52:00,18-24,Female,North,Product A,1,Not satisfied,2024-03-07
134,2024-02-01 13:20:00,45+,Male,East,Product C,4,Very useful,2024-02-01
135,2024-03-01 08:11:00,18-24,Male,West,Product A,1,Very useful,2024-03-01
136,2024-02-09 14:04:00,35-44,Male,East,Product D,3,Average experience,2024-02-09
137,2024-02-16 14:42:00,45+,Female,North,Product A,1,Average experience,2024-02-16
138,2024-01-24 20:18:00,25-34,Male,North,Product C,5,Highly recommended,2024-01-24
139,2024-02-02 14:06:00,35-44,Male,North,Product C,2,Highly recommended,2024-02-02
140,2024-01-30 12:21:00,18-24,Male,South,Product A,5,Needs improvement,2024-01-30
141,2024-02-07 04:20:00,18-24,Male,North,Product A,4,Average experience,2024-02-07
142,2024-02-23 10:18:00,25-34,Female,West,Product D,5,Very useful,2024-02-23
143,2024-03-20 03:59:00,18-24,Female,South,Product B,5,Not satisfied,2024-03-20
144,2024-02-23 20:55:00,35-44,Other,East,Product D,2,Highly recommended,2024-02-23
145,2024-02-26 03:52:00,18-24,Male,East,Product D,5,Highly recommended,2024-02-26
146,2024-03-08 14:14:00,45+,Other,South,Product A,5,Very useful,2024-03-08
147,2024-03-16 04:38:00,25-34,Other,East,Product A,5,Very useful,2024-03-16
148,2024-03-26 11:18:00,35-44,Male,East,Product D,3,Excellent product,2024-03-26
149,2024-02-03 00:16:00,25-34,Male,West,Product B,4,Highly recommended,2024-02-03
150,2024-03-07 01:55:00,18-24,Other,West,Product B,1,Good value,2024-03-07
151,2024-03-15 20:37:00,45+,Male,South,Product B,2,Highly recommended,2024-03-15
152,2024-01-31 13:18:00,45+,Other,South,Product A,1,Highly recommended,2024-01-31
153,2024-03-26 12:23:00,18-24,Female,North,Product B,5,Needs improvement,2024-03-26
154,2024-02-05 12:31:00,35-44,Female,West,Product A,1,Not satisfied,2024-02-05
155,2024-02-28 09:48:00,35-44,Male,North,Product C,2,Very useful,2024-02-28
156,2024-01-13 09:45:00,25-34,Other,East,Product D,4,Very useful,2024-01-13
157,2024-01-23 22:27:00,18-24,Female,North,Product C,4,Needs improvement,2024-01-23
158,2024-03-27 12:17:00,45+,Male,South,Product A,5,Highly recommended,2024-03-27
159,2024-01-19 09:29:00,18-24,Female,West,Product C,1,Needs improvement,2024-01-19
160,2024-02-22 13:41:00,25-34,Male,East,Product D,2,Not satisfied,2024-02-22
161,2024-02-23 08:41:00,35-44,Male,North,Product B,5,Excellent product,2024-02-23
162,2024-02-10 01:47:00,45+,Male,North,Product D,3,Average experience,2024-02-10
163,2024-01-17 22:54:00,25-34,Other,South,Product B,2,Good value,2024-01-17
164,2024-02-28 12:06:00,25-34,Other,West,Product C,2,Average experience,2024-02-28
165,2024-03-03 11:25:00,25-34,Other,North,Product D,3,Needs improvement,2024-03-03
166,2024-02-12 12:17:00,25-34,Male,North,Product A,1,Highly recommended,2024-02-12
167,2024-01-31 17:42:00,35-44,Female,South,Product A,1,Very useful,2024-01-31
168,2024-01-22 00:11:00,35-44,Female,South,Product D,5,Very useful,2024-01-22
169,2024-02-10 20:58:00,35-44,Female,North,Product A,2,Highly recommended,2024-02-10
170,2024-02-11 17:02:00,45+,Female,North,Product B,3,Needs improvement,2024-02-11
171,2024-01-31 21:20:00,25-34,Female,West,Product A,4,Needs improvement,2024-01-31
172,2024-03-23 06:04:00,18-24,Other,West,Product B,3,Excellent product,2024-03-23
173,2024-03-31 23:03:00,45+,Male,North,Product A,2,Not satisfied,2024-03-31
174,2024-01-09 15:52:00,35-44,Male,North,Product A,3,Average experience,2024-01-09
175,2024-03-06 13:37:00,45+,Other,North,Product B,3,Not satisfied,2024-03-06
176,2024-03-15 03:34:00,45+,Male,South,Product C,1,Needs improvement,2024-03-15
177,2024-02-19 19:47:00,45+,Male,East,Product D,1,Highly recommended,2024-02-19
178,2024-01-04 03:08:00,35-44,Female,South,Product B,2,Very useful,2024-01-04
179,2024-01-23 06:08:00,45+,Male,West,Product D,5,Highly recommended,2024-01-23
180,2024-03-24 19:35:00,25-34,Female,South,Product B,2,Good value,2024-03-24
181,2024-02-27 02:56:00,25-34,Male,West,Product D,2,Average experience,2024-02-27
182,2024-03-27 15:28:00,25-34,Male,East,Product A,2,Average experience,2024-03-27
183,2024-03-30 17:12:00,35-44,Female,East,Product A,2,Needs improvement,2024-03-30
184,2024-03-31 21:22:00,35-44,Female,West,Product D,3,Very useful,2024-03-31
185,2024-01-25 07:44:00,18-24,Male,East,Product D,5,Average experience,2024-01-25
186,2024-03-22 04:13:00,35-44,Female,North,Product C,3,Needs improvement,2024-03-22
187,2024-01-04 01:09:00,18-24,Other,West,Product A,2,Very useful,2024-01-04
188,2024-02-06 19:23:00,35-44,Female,North,Product B,2,Good value,2024-02-06
189,2024-02-07 14:37:00,45+,Other,South,Product D,3,Very useful,2024-02-07
190,2024-02-17 21:36:00,18-24,Female,North,Product D,4,Excellent product,2024-02-17
191,2024-01-29 13:04:00,25-34,Other,West,Product C,3,Needs improvement,2024-01-29
192,2024-01-14 10:10:00,18-24,Female,East,Product D,5,Average experience,2024-01-14
193,2024-02-26 08:55:00,35-44,Other,East,Product B,1,Not satisfied,2024-02-26
194,2024-03-04 04:56:00,45+,Female,West,Product D,3,Good value,2024-03-04
195,2024-02-10 14:42:00,35-44,Male,East,Product A,4,Excellent product,2024-02-10
196,2024-03-11 05:40:00,25-34,Other,North,Product A,3,Not satisfied,2024-03-11
197,2024-02-09 20:39:00,45+,Other,North,Product B,3,Excellent product,2024-02-09
198,2024-01-14 19:38:00,45+,Female,West,Product C,5,Needs improvement,2024-01-14
199,2024-03-11 16:57:00,35-44,Other,West,Product B,1,Needs improvement,2024-03-11
200,2024-02-28 00:16:00,45+,Female,East,Product D,3,Good value,2024-02-28
201,2024-01-20 03:36:00,35-44,Male,South,Product D,5,Good value,2024-01-20
202,2024-01-14 13:12:00,18-24,Female,North,Product A,3,Good value,2024-01-14
203,2024-02-23 13:55:00,45+,Male,West,Product B,3,Not satisfied,2024-02-23
204,2024-02-19 08:36:00,18-24,Female,East,Product A,5,Not satisfied,2024-02-19
205,2024-01-21 00:31:00,18-24,Male,South,Product A,4,Not satisfied,2024-01-21
206,2024-03-07 09:39:00,45+,Male,West,Product B,5,Good value,2024-03-07
207,2024-02-16 11:21:00,45+,Male,East,Product D,1,Good value,2024-02-16
208,2024-03-03 19:10:00,35-44,Male,South,Product D,5,Needs improvement,2024-03-03
209,2024-01-09 02:26:00,18-24,Female,West,Product A,5,Not satisfied,2024-01-09
210,2024-01-11 03:06:00,45+,Other,East,Product B,2,Needs improvement,2024-01-11
211,2024-01-04 19:25:00,35-44,Female,East,Product A,5,Excellent product,2024-01-04
212,2024-02-05 04:51:00,25-34,Other,North,Product C,5,Good value,2024-02-05
213,2024-02-11 00:19:00,35-44,Other,South,Product B,1,Good value,2024-02-11
214,2024-02-07 01:58:00,45+,Male,North,Product B,3,Needs improvement,2024-02-07
215,2024-01-15 23:34:00,25-34,Other,West,Product D,2,Good value,2024-01-15
216,2024-03-03 08:29:00,18-24,Male,South,Product B,4,Very useful,2024-03-03
217,2024-01-26 06:21:00,18-24,Other,North,Product D,5,Not satisfied,2024-01-26
218,2024-01-02 12:04:00,35-44,Female,North,Product C,2,Needs improvement,2024-01-02
219,2024-03-08 15:00:00,25-34,Female,South,Product D,4,Needs improvement,2024-03-08
220,2024-03-25 18:51:00,25-34,Male,West,Product B,2,Excellent product,2024-03-25
221,2024-03-19 14:07:00,18-24,Male,East,Product C,2,Very useful,2024-03-19
222,2024-03-07 15:51:00,18-24,Other,West,Product C,3,Needs improvement,2024-03-07
223,2024-02-24 06:25:00,18-24,Other,East,Product C,5,Good value,2024-02-24
224,2024-03-21 16:09:00,45+,Female,North,Product B,5,Very useful,2024-03-21
225,2024-03-14 11:10:00,18-24,Other,East,Product B,5,Excellent product,2024-03-14
226,2024-01-05 02:52:00,18-24,Female,West,Product B,1,Highly recommended,2024-01-05
227,2024-01-23 03:34:00,35-44,Female,West,Product B,4,Excellent product,2024-01-23
228,2024-02-19 21:38:00,25-34,Other,North,Product D,2,Good value,2024-02-19
229,2024-03-17 06:24:00,35-44,Female,East,Product C,5,Very useful,2024-03-17
230,2024-01-11 22:32:00,45+,Other,West,Product C,1,Excellent product,2024-01-11
231,2024-03-03 08:00:00,45+,Other,West,Product B,1,Excellent product,2024-03-03
232,2024-03-06 16:52:00,45+,Female,South,Product C,2,Highly recommended,2024-03-06
233,2024-02-12 08:09:00,45+,Male,North,Product D,4,Very useful,2024-02-12
234,2024-02-10 13:56:00,35-44,Other,East,Product A,5,Good value,2024-02-10
235,2024-02-18 15:14:00,45+,Female,West,Product D,5,Very useful,2024-02-18
236,2024-02-24 21:56:00,35-44,Other,North,Product D,5,Good value,2024-02-24
237,2024-03-15 01:14:00,45+,Male,South,Product A,1,Very useful,2024-03-15
238,2024-01-04 21:28:00,35-44,Female,South,Product C,4,Needs improvement,2024-01-04
239,2024-02-16 11:37:00,45+,Male,East,Product C,5,Not satisfied,2024-02-16
240,2024-01-17 05:39:00,25-34,Female,South,Product C,1,Good value,2024-01-17
241,2024-01-08 18:21:00,25-34,Female,West,Product B,1,Good value,2024-01-08
242,2024-02-22 19:54:00,25-34,Other,East,Product C,3,Good value,2024-02-22
243,2024-03-04 17:38:00,35-44,Other,South,Product C,1,Average experience,2024-03-04
244,2024-02-02 07:10:00,35-44,Female,East,Product A,1,Average experience,2024-02-02
245,2024-01-20 20:41:00,18-24,Female,West,Product C,5,Needs improvement,2024-01-20
246,2024-03-24 10:34:00,45+,Other,West,Product C,5,Average experience,2024-03-24
247,2024-01-10 06:39:00,35-44,Other,North,Product A,5,Average experience,2024-01-10
248,2024-02-21 04:59:00,35-44,Male,North,Product D,3,Average experience,2024-02-21
249,2024-02-01 16:23:00,35-44,Other,East,Product C,1,Excellent product,2024-02-01
250,2024-02-22 16:14:00,45+,Female,South,Product B,4,Needs improvement,2024-02-22
251,2024-03-04 08:28:00,18-24,Female,North,Product A,1,Needs improvement,2024-03-04
252,2024-03-06 22:14:00,25-34,Other,East,Product C,4,Excellent product,2024-03-06
253,2024-02-27 02:00:00,18-24,Female,East,Product A,5,Good value,2024-02-27
254,2024-02-07 21:28:00,18-24,Other,South,Product A,4,Needs improvement,2024-02-07
255,2024-02-12 05:17:00,25-34,Other,West,Product D,4,Excellent product,2024-02-12
256,2024-01-08 14:12:00,45+,Other,North,Product B,1,Very useful,2024-01-08
257,2024-01-17 20:10:00,35-44,Male,East,Product A,1,Average experience,2024-01-17
258,2024-03-27 01:24:00,18-24,Female,East,Product A,5,Average experience,2024-03-27
259,2024-01-27 01:29:00,18-24,Male,East,Product A,2,Average experience,2024-01-27
260,2024-03-25 17:04:00,18-24,Other,South,Product A,4,Highly recommended,2024-03-25
261,2024-01-02 09:51:00,35-44,Other,South,Product D,1,Highly recommended,2024-01-02
262,2024-02-06 16:23:00,18-24,Female,West,Product A,1,Good value,2024-02-06
263,2024-02-06 18:13:00,18-24,Other,West,Product C,3,Average experience,2024-02-06
264,2024-01-23 20:31:00,25-34,Male,West,Product A,5,Highly recommended,2024-01-23
265,2024-02-11 07:13:00,25-34,Other,North,Product C,5,Needs improvement,2024-02-11
266,2024-01-30 03:07:00,18-24,Female,North,Product C,3,Good value,2024-01-30
267,2024-02-05 13:11:00,25-34,Female,West,Product B,4,Excellent product,2024-02-05
268,2024-02-14 15:40:00,18-24,Male,North,Product B,4,Good value,2024-02-14
269,2024-02-27 14:59:00,35-44,Female,South,Product B,3,Very useful,2024-02-27
270,2024-03-31 07:21:00,25-34,Male,West,Product A,3,Highly recommended,2024-03-31
271,2024-03-03 19:26:00,45+,Other,East,Product D,5,Very useful,2024-03-03
272,2024-01-17 23:20:00,18-24,Male,South,Product D,1,Not satisfied,2024-01-17
273,2024-01-04 17:31:00,25-34,Male,East,Product B,5,Highly recommended,2024-01-04
274,2024-02-23 11:15:00,35-44,Other,North,Product D,4,Very useful,2024-02-23
275,2024-02-06 19:40:00,35-44,Other,West,Product B,5,Needs improvement,2024-02-06
276,2024-02-25 03:45:00,18-24,Male,East,Product D,4,Very useful,2024-02-25
277,2024-02-29 11:47:00,45+,Male,West,Product C,5,Good value,2024-02-29
278,2024-02-12 11:34:00,18-24,Male,East,Product B,4,Average experience,2024-02-12
279,2024-02-29 06:00:00,45+,Female,West,Product D,2,Excellent product,2024-02-29
280,2024-01-05 03:10:00,35-44,Other,East,Product D,1,Average experience,2024-01-05
281,2024-02-19 17:35:00,35-44,Female,North,Product C,5,Good value,2024-02-19
282,2024-03-10 19:21:00,45+,Male,South,Product C,3,Not satisfied,2024-03-10
283,2024-01-06 19:10:00,25-34,Other,North,Product C,4,Not satisfied,2024-01-06
284,2024-02-26 06:20:00,25-34,Female,East,Product C,1,Not satisfied,2024-02-26
285,2024-03-19 16:19:00,45+,Other,North,Product C,3,Needs improvement,2024-03-19
286,2024-03-07 06:18:00,25-34,Male,North,Product D,3,Needs improvement,2024-03-07
287,2024-03-17 22:09:00,35-44,Female,South,Product A,3,Needs improvement,2024-03-17
288,2024-01-06 12:16:00,45+,Other,West,Product D,4,Highly recommended,2024-01-06
289,2024-02-29 20:05:00,18-24,Female,West,Product B,3,Needs improvement,2024-02-29
290,2024-02-13 22:17:00,18-24,Female,South,Product D,1,Excellent product,2024-02-13
291,2024-02-10 13:46:00,45+,Male,North,Product C,1,Average experience,2024-02-10
292,2024-01-18 20:44:00,25-34,Female,West,Product C,5,Excellent product,2024-01-18
293,2024-03-24 07:49:00,35-44,Female,North,Product C,5,Very useful,2024-03-24
294,2024-02-06 22:12:00,35-44,Other,West,Product C,3,Very useful,2024-02-06
295,2024-02-03 11:37:00,25-34,Male,South,Product C,1,Average experience,2024-02-03
296,2024-02-16 17:16:00,45+,Other,North,Product C,2,Very useful,2024-02-16
297,2024-03-20 07:15:00,45+,Male,South,Product D,5,Needs improvement,2024-03-20
298,2024-01-17 21:45:00,45+,Other,North,Product C,2,Very useful,2024-01-17
299,2024-01-22 18:39:00,18-24,Other,South,Product B,1,Highly recommended,2024-01-22
300,2024-01-13 21:26:00,45+,Female,West,Product A,1,Needs improvement,2024-01-13
301,2024-02-17 05:05:00,18-24,Male,North,Product A,1,Good value,2024-02-17
302,2024-03-12 23:53:00,18-24,Male,East,Product B,3,Very useful,2024-03-12
303,2024-01-30 16:33:00,25-34,Male,West,Product D,5,Very useful,2024-01-30
304,2024-03-18 14:39:00,45+,Other,North,Product A,1,Excellent product,2024-03-18
305,2024-01-10 20:42:00,25-34,Other,East,Product D,5,Highly recommended,2024-01-10
306,2024-01-12 14:19:00,25-34,Female,North,Product C,3,Very useful,2024-01-12
307,2024-03-08 13:23:00,35-44,Male,North,Product B,5,Average experience,2024-03-08
308,2024-02-09 03:00:00,35-44,Female,East,Product B,2,Very useful,2024-02-09
309,2024-01-22 17:11:00,25-34,Male,South,Product D,4,Excellent product,2024-01-22
310,2024-01-04 05:15:00,25-34,Other,North,Product B,3,Average experience,2024-01-04
311,2024-01-14 02:48:00,45+,Female,East,Product D,2,Good value,2024-01-14
312,2024-02-21 16:09:00,45+,Other,South,Product B,2,Good value,2024-02-21
313,2024-03-11 04:24:00,18-24,Male,East,Product B,3,Highly recommended,2024-03-11
314,2024-03-22 12:50:00,18-24,Male,West,Product B,1,Average experience,2024-03-22
315,2024-03-13 21:38:00,45+,Male,South,Product B,3,Excellent product,2024-03-13
316,2024-02-28 05:08:00,25-34,Other,East,Product B,2,Highly recommended,2024-02-28
317,2024-01-12 12:47:00,18-24,Other,East,Product A,4,Good value,2024-01-12
318,2024-01-28 07:39:00,35-44,Other,North,Product B,3,Good value,2024-01-28
319,2024-03-11 10:53:00,35-44,Female,West,Product B,1,Highly recommended,2024-03-11
320,2024-01-28 23:00:00,35-44,Other,East,Product C,5,Very useful,2024-01-28
321,2024-01-12 22:48:00,45+,Other,North,Product C,1,Needs improvement,2024-01-12
322,2024-01-21 16:21:00,25-34,Female,East,Product D,2,Average experience,2024-01-21
323,2024-02-29 22:15:00,35-44,Other,West,Product B,3,Needs improvement,2024-02-29
324,2024-03-23 16:07:00,18-24,Female,East,Product C,1,Highly recommended,2024-03-23
325,2024-02-05 15:56:00,35-44,Male,North,Product D,2,Highly recommended,2024-02-05
326,2024-01-19 17:57:00,45+,Other,South,Product B,2,Excellent product,2024-01-19
327,2024-02-17 11:36:00,35-44,Male,North,Product A,5,Good value,2024-02-17
328,2024-03-29 20:07:00,35-44,Female,West,Product B,3,Not satisfied,2024-03-29
329,2024-01-02 07:08:00,18-24,Female,North,Product B,1,Not satisfied,2024-01-02
330,2024-02-05 10:55:00,45+,Female,East,Product D,4,Not satisfied,2024-02-05
331,2024-01-01 08:09:00,35-44,Other,East,Product A,3,Needs improvement,2024-01-01
332,2024-02-08 14:02:00,45+,Other,West,Product C,5,Highly recommended,2024-02-08
333,2024-02-09 14:07:00,18-24,Female,South,Product C,2,Average experience,2024-02-09
334,2024-01-30 04:59:00,35-44,Other,North,Product A,1,Needs improvement,2024-01-30
335,2024-01-03 05:09:00,45+,Other,North,Product B,4,Not satisfied,2024-01-03
336,2024-01-03 16:33:00,18-24,Male,East,Product C,2,Highly recommended,2024-01-03
337,2024-03-29 12:59:00,35-44,Female,West,Product D,3,Excellent product,2024-03-29
338,2024-02-13 19:53:00,18-24,Female,East,Product C,2,Highly recommended,2024-02-13
339,2024-03-19 18:30:00,18-24,Male,West,Product A,3,Excellent product,2024-03-19
340,2024-01-03 00:24:00,35-44,Male,North,Product D,5,Good value,2024-01-03
341,2024-02-25 21:01:00,35-44,Male,West,Product D,5,Very useful,2024-02-25
342,2024-03-08 11:15:00,35-44,Male,North,Product B,1,Excellent product,2024-03-08
343,2024-01-29 11:47:00,45+,Male,North,Product C,2,Average experience,2024-01-29
344,2024-03-02 14:57:00,45+,Other,East,Product B,5,Good value,2024-03-02
345,2024-03-18 11:11:00,18-24,Male,West,Product B,1,Highly recommended,2024-03-18
346,2024-02-24 03:36:00,25-34,Other,West,Product B,1,Very useful,2024-02-24
347,2024-02-16 02:51:00,45+,Other,North,Product A,4,Good value,2024-02-16
348,2024-02-11 03:16:00,25-34,Other,South,Product C,5,Highly recommended,2024-02-11
349,2024-01-07 16:56:00,25-34,Other,West,Product C,1,Average experience,2024-01-07
350,2024-02-10 18:59:00,18-24,Male,North,Product A,3,Not satisfied,2024-02-10
351,2024-01-07 07:45:00,35-44,Female,South,Product C,4,Not satisfied,2024-01-07
352,2024-03-16 06:33:00,25-34,Male,East,Product B,3,Very useful,2024-03-16
353,2024-01-02 02:50:00,45+,Other,West,Product B,5,Good value,2024-01-02
354,2024-03-17 05:10:00,18-24,Male,North,Product C,2,Not satisfied,2024-03-17
355,2024-01-30 18:13:00,35-44,Female,South,Product D,1,Excellent product,2024-01-30
356,2024-01-26 02:28:00,45+,Other,South,Product C,2,Not satisfied,2024-01-26
357,2024-01-24 14:45:00,18-24,Male,West,Product C,5,Not satisfied,2024-01-24
358,2024-01-08 12:14:00,35-44,Male,West,Product D,4,Average experience,2024-01-08
359,2024-03-20 12:27:00,18-24,Male,South,Product D,2,Average experience,2024-03-20
360,2024-03-17 14:18:00,25-34,Other,East,Product A,3,Highly recommended,2024-03-17
361,2024-03-14 02:58:00,25-34,Other,West,Product A,2,Good value,2024-03-14
362,2024-03-24 18:28:00,45+,Female,West,Product C,4,Very useful,2024-03-24
363,2024-01-06 14:18:00,25-34,Male,West,Product C,2,Highly recommended,2024-01-06
364,2024-01-09 18:38:00,18-24,Other,East,Product C,1,Not satisfied,2024-01-09
365,2024-03-17 12:24:00,35-44,Female,West,Product A,3,Very useful,2024-03-17
366,2024-01-08 20:53:00,18-24,Female,North,Product B,2,Excellent product,2024-01-08
367,2024-02-16 10:49:00,45+,Male,North,Product C,3,Needs improvement,2024-02-16
368,2024-03-19 01:41:00,35-44,Other,West,Product B,5,Excellent product,2024-03-19
369,2024-01-11 07:41:00,25-34,Other,North,Product B,4,Highly recommended,2024-01-11
370,2024-03-28 10:00:00,25-34,Other,South,Product C,5,Very useful,2024-03-28
371,2024-02-26 10:34:00,18-24,Male,West,Product C,5,Needs improvement,2024-02-26
372,2024-02-22 03:55:00,45+,Other,North,Product B,5,Average experience,2024-02-22
373,2024-03-13 19:55:00,45+,Female,North,Product A,5,Not satisfied,2024-03-13
374,2024-02-11 17:58:00,35-44,Female,South,Product C,5,Very useful,2024-02-11
375,2024-03-09 20:30:00,18-24,Male,East,Product B,1,Very useful,2024-03-09
376,2024-01-26 07:43:00,25-34,Other,North,Product A,4,Excellent product,2024-01-26
377,2024-03-04 21:28:00,45+,Female,West,Product C,4,Needs improvement,2024-03-04
378,2024-01-23 11:58:00,35-44,Other,North,Product D,3,Not satisfied,2024-01-23
379,2024-01-17 17:11:00,45+,Other,East,Product D,1,Not satisfied,2024-01-17
380,2024-03-01 15:47:00,45+,Other,West,Product D,4,Very useful,2024-03-01
381,2024-03-15 16:20:00,35-44,Female,East,Product B,1,Needs improvement,2024-03-15
382,2024-02-13 18:55:00,35-44,Female,East,Product C,1,Not satisfied,2024-02-13
383,2024-03-26 20:46:00,35-44,Female,North,Product C,1,Excellent product,2024-03-26
384,2024-03-25 07:57:00,45+,Male,South,Product A,1,Not satisfied,2024-03-25
385,2024-03-03 20:57:00,45+,Other,South,Product D,1,Needs improvement,2024-03-03
386,2024-02-27 10:25:00,18-24,Female,North,Product C,3,Good value,2024-02-27
387,2024-02-10 13:41:00,35-44,Other,North,Product D,2,Excellent product,2024-02-10
388,2024-02-23 07:07:00,35-44,Other,West,Product D,3,Average experience,2024-02-23
389,2024-03-14 15:26:00,35-44,Other,West,Product B,3,Highly recommended,2024-03-14
390,2024-01-16 08:18:00,45+,Male,West,Product D,1,Good value,2024-01-16
391,2024-03-16 15:59:00,18-24,Male,North,Product A,4,Good value,2024-03-16
392,2024-02-21 05:10:00,45+,Female,East,Product C,3,Good value,2024-02-21
393,2024-03-17 15:12:00,45+,Female,South,Product A,5,Excellent product,2024-03-17
394,2024-02-19 03:50:00,35-44,Female,East,Product A,1,Excellent product,2024-02-19
395,2024-03-20 15:34:00,35-44,Male,South,Product A,2,Very useful,2024-03-20
396,2024-01-14 19:22:00,35-44,Other,South,Product C,4,Good value,2024-01-14
397,2024-01-08 07:54:00,35-44,Other,West,Product C,3,Good value,2024-01-08
398,2024-03-07 11:19:00,35-44,Male,East,Product B,3,Excellent product,2024-03-07
399,2024-02-06 13:04:00,18-24,Female,East,Product C,4,Highly recommended,2024-02-06
400,2024-01-06 06:20:00,18-24,Other,North,Product A,3,Needs improvement,2024-01-06
401,2024-01-12 22:07:00,35-44,Male,North,Product D,4,Highly recommended,2024-01-12
402,2024-03-16 07:14:00,35-44,Other,East,Product C,2,Highly recommended,2024-03-16
403,2024-01-20 12:53:00,25-34,Other,East,Product B,4,Good value,2024-01-20
404,2024-03-31 17:05:00,25-34,Other,South,Product A,5,Average experience,2024-03-31
405,2024-02-28 13:20:00,35-44,Female,West,Product A,2,Good value,2024-02-28
406,2024-03-30 09:46:00,18-24,Male,East,Product C,3,Average experience,2024-03-30
407,2024-03-15 10:40:00,25-34,Female,North,Product C,1,Not satisfied,2024-03-15
408,2024-03-07 02:15:00,35-44,Male,East,Product A,1,Very useful,2024-03-07
409,2024-02-14 19:43:00,25-34,Female,South,Product A,1,Needs improvement,2024-02-14
410,2024-02-28 04:10:00,35-44,Female,North,Product B,3,Highly recommended,2024-02-28
411,2024-03-25 23:12:00,18-24,Other,East,Product C,1,Excellent product,2024-03-25
412,2024-03-12 22:53:00,18-24,Male,East,Product C,4,Needs improvement,2024-03-12
413,2024-01-16 05:44:00,18-24,Other,West,Product A,2,Average experience,2024-01-16
414,2024-03-05 14:43:00,45+,Other,West,Product C,4,Very useful,2024-03-05
415,2024-02-22 04:52:00,18-24,Male,South,Product C,1,Good value,2024-02-22
416,2024-03-23 20:26:00,45+,Male,East,Product C,3,Not satisfied,2024-03-23
417,2024-01-04 11:20:00,18-24,Other,East,Product C,5,Excellent product,2024-01-04
418,2024-01-16 07:41:00,18-24,Other,South,Product A,4,Needs improvement,2024-01-16
419,2024-02-03 19:59:00,18-24,Other,East,Product D,2,Average experience,2024-02-03
420,2024-01-29 13:58:00,45+,Male,South,Product A,1,Very useful,2024-01-29
421,2024-01-09 18:59:00,25-34,Male,West,Product B,5,Not satisfied,2024-01-09
422,2024-03-07 18:15:00,35-44,Female,South,Product D,1,Average experience,2024-03-07
423,2024-01-10 05:31:00,35-44,Female,East,Product A,1,Excellent product,2024-01-10
424,2024-01-12 14:47:00,45+,Female,North,Product D,2,Not satisfied,2024-01-12
425,2024-03-19 22:12:00,45+,Other,West,Product A,3,Needs improvement,2024-03-19
426,2024-02-16 22:30:00,35-44,Male,East,Product D,3,Excellent product,2024-02-16
427,2024-01-04 14:17:00,18-24,Male,West,Product D,5,Needs improvement,2024-01-04
428,2024-02-14 14:39:00,45+,Female,West,Product C,5,Highly recommended,2024-02-14
429,2024-01-05 14:37:00,25-34,Female,North,Product C,3,Excellent product,2024-01-05
430,2024-01-04 13:28:00,18-24,Female,South,Product D,4,Good value,2024-01-04
431,2024-03-01 22:41:00,45+,Female,East,Product D,2,Highly recommended,2024-03-01
432,2024-02-22 04:18:00,45+,Female,North,Product A,2,Needs improvement,2024-02-22
433,2024-02-15 11:21:00,45+,Other,West,Product B,4,Excellent product,2024-02-15
434,2024-01-21 04:33:00,25-34,Other,North,Product B,1,Not satisfied,2024-01-21
435,2024-02-28 10:30:00,25-34,Other,North,Product B,3,Very useful,2024-02-28
436,2024-03-24 12:15:00,18-24,Other,East,Product A,2,Highly recommended,2024-03-24
437,2024-02-06 01:29:00,35-44,Male,East,Product B,4,Excellent product,2024-02-06
438,2024-03-30 17:30:00,45+,Male,North,Product B,4,Needs improvement,2024-03-30
439,2024-03-03 11:17:00,18-24,Female,South,Product A,1,Good value,2024-03-03
440,2024-03-17 18:30:00,18-24,Male,West,Product B,3,Very useful,2024-03-17
441,2024-03-01 06:26:00,25-34,Other,East,Product B,2,Average experience,2024-03-01
442,2024-02-22 16:08:00,35-44,Other,North,Product B,5,Average experience,2024-02-22
443,2024-02-28 11:22:00,35-44,Male,South,Product A,1,Excellent product,2024-02-28
444,2024-02-02 18:30:00,45+,Other,East,Product D,4,Average experience,2024-02-02
445,2024-01-30 21:28:00,35-44,Male,West,Product B,1,Very useful,2024-01-30
446,2024-03-27 00:58:00,35-44,Other,South,Product A,1,Very useful,2024-03-27
447,2024-01-07 00:42:00,45+,Male,West,Product B,4,Average experience,2024-01-07
448,2024-03-04 05:15:00,35-44,Other,East,Product D,2,Average experience,2024-03-04
449,2024-02-20 17:07:00,45+,Other,West,Product D,4,Very useful,2024-02-20
450,2024-02-12 23:13:00,35-44,Other,West,Product A,4,Excellent product,2024-02-12
451,2024-01-27 00:28:00,45+,Other,South,Product C,2,Average experience,2024-01-27
452,2024-02-21 17:19:00,35-44,Female,East,Product A,2,Very useful,2024-02-21
453,2024-01-03 05:10:00,45+,Other,East,Product A,5,Good value,2024-01-03
454,2024-02-23 10:15:00,35-44,Other,West,Product C,2,Excellent product,2024-02-23
455,2024-02-22 17:19:00,35-44,Female,North,Product A,2,Excellent product,2024-02-22
456,2024-01-26 15:08:00,18-24,Male,North,Product A,2,Very useful,2024-01-26
457,2024-02-11 17:28:00,35-44,Male,East,Product B,2,Average experience,2024-02-11
458,2024-03-11 20:13:00,35-44,Other,South,Product B,2,Average experience,2024-03-11
459,2024-01-25 10:17:00,18-24,Male,North,Product D,3,Good value,2024-01-25
460,2024-01-26 01:07:00,35-44,Other,North,Product C,5,Good value,2024-01-26
461,2024-03-14 12:36:00,45+,Other,North,Product A,1,Not satisfied,2024-03-14
462,2024-02-12 04:17:00,25-34,Other,West,Product A,5,Needs improvement,2024-02-12
463,2024-01-27 17:37:00,35-44,Other,West,Product D,2,Average experience,2024-01-27
464,2024-02-20 02:28:00,25-34,Female,East,Product B,3,Very useful,2024-02-20
465,2024-01-06 11:40:00,25-34,Female,West,Product D,5,Excellent product,2024-01-06
466,2024-01-18 09:45:00,25-34,Female,North,Product B,3,Average experience,2024-01-18
467,2024-02-22 21:54:00,25-34,Male,East,Product C,1,Highly recommended,2024-02-22
468,2024-03-27 01:38:00,35-44,Female,East,Product C,1,Not satisfied,2024-03-27
469,2024-01-09 09:04:00,18-24,Male,South,Product B,1,Needs improvement,2024-01-09
470,2024-03-10 06:43:00,18-24,Female,South,Product C,3,Excellent product,2024-03-10
471,2024-01-21 10:36:00,45+,Other,West,Product A,3,Excellent product,2024-01-21
472,2024-01-15 17:28:00,18-24,Other,South,Product A,4,Needs improvement,2024-01-15
473,2024-03-02 19:51:00,18-24,Female,South,Product B,3,Average experience,2024-03-02
474,2024-01-15 18:49:00,25-34,Male,West,Product A,3,Highly recommended,2024-01-15
475,2024-02-29 06:51:00,18-24,Female,West,Product B,5,Good value,2024-02-29
476,2024-02-02 00:57:00,45+,Male,West,Product A,1,Highly recommended,2024-02-02
477,2024-03-20 03:56:00,25-34,Female,South,Product C,4,Very useful,2024-03-20
478,2024-02-06 09:22:00,45+,Other,West,Product D,5,Good value,2024-02-06
479,2024-01-25 05:11:00,18-24,Male,North,Product C,1,Not satisfied,2024-01-25
480,2024-01-06 19:34:00,35-44,Other,North,Product D,4,Needs improvement,2024-01-06
481,2024-01-11 21:24:00,35-44,Other,South,Product D,1,Average experience,2024-01-11
482,2024-02-22 08:24:00,35-44,Other,West,Product A,1,Not satisfied,2024-02-22
483,2024-02-18 20:16:00,25-34,Male,North,Product C,5,Average experience,2024-02-18
484,2024-02-12 01:05:00,18-24,Female,East,Product C,3,Not satisfied,2024-02-12
485,2024-02-15 08:39:00,45+,Female,East,Product B,2,Highly recommended,2024-02-15
486,2024-02-17 02:02:00,18-24,Other,North,Product D,5,Excellent product,2024-02-17
487,2024-02-10 09:05:00,18-24,Female,South,Product B,2,Average experience,2024-02-10
488,2024-02-05 17:00:00,18-24,Male,South,Product A,5,Highly recommended,2024-02-05
489,2024-01-13 10:38:00,18-24,Other,South,Product A,2,Average experience,2024-01-13
490,2024-03-13 20:46:00,25-34,Male,South,Product A,1,Needs improvement,2024-03-13
491,2024-01-19 11:00:00,25-34,Other,South,Product A,2,Excellent product,2024-01-19
492,2024-03-09 18:01:00,45+,Other,South,Product B,1,Needs improvement,2024-03-09
493,2024-02-02 23:11:00,25-34,Male,West,Product B,1,Very useful,2024-02-02
494,2024-03-22 11:40:00,45+,Male,North,Product D,4,Needs improvement,2024-03-22
495,2024-01-19 01:39:00,25-34,Other,East,Product B,1,Good value,2024-01-19
496,2024-01-07 02:18:00,35-44,Other,East,Product D,1,Average experience,2024-01-07
497,2024-03-19 08:44:00,35-44,Female,East,Product A,3,Very useful,2024-03-19
498,2024-03-11 10:28:00,18-24,Male,West,Product A,5,Not satisfied,2024-03-11
499,2024-02-26 15:41:00,18-24,Male,North,Product B,2,Not satisfied,2024-02-26
500,2024-01-14 12:49:00,18-24,Other,East,Product A,2,Not satisfied,2024-01-14
501,2024-01-08 05:21:00,35-44,Other,North,Product C,4,Highly recommended,2024-01-08
502,2024-03-01 15:44:00,25-34,Other,South,Product A,1,Not satisfied,2024-03-01
503,2024-03-15 22:56:00,18-24,Other,West,Product A,3,Not satisfied,2024-03-15
504,2024-03-31 09:20:00,35-44,Female,South,Product A,3,Good value,2024-03-31
505,2024-01-27 13:57:00,35-44,Male,East,Product C,3,Highly recommended,2024-01-27
506,2024-01-04 17:14:00,18-24,Male,North,Product A,5,Very useful,2024-01-04
507,2024-01-30 03:02:00,25-34,Female,North,Product A,3,Average experience,2024-01-30
508,2024-03-06 04:00:00,35-44,Male,North,Product A,1,Needs improvement,2024-03-06
509,2024-03-15 07:26:00,18-24,Male,North,Product D,4,Highly recommended,2024-03-15
510,2024-03-06 15:48:00,18-24,Male,North,Product A,5,Very useful,2024-03-06
511,2024-02-14 16:07:00,18-24,Other,East,Product A,1,Excellent product,2024-02-14
512,2024-03-09 12:54:00,35-44,Female,East,Product B,4,Not satisfied,2024-03-09
513,2024-03-30 05:32:00,25-34,Other,South,Product C,5,Excellent product,2024-03-30
514,2024-02-26 22:24:00,45+,Other,East,Product B,4,Highly recommended,2024-02-26
515,2024-02-27 05:15:00,18-24,Other,West,Product B,4,Average experience,2024-02-27
516,2024-03-02 08:36:00,35-44,Other,West,Product D,1,Good value,2024-03-02
517,2024-02-16 00:00:00,18-24,Male,North,Product A,2,Average experience,2024-02-16
518,2024-03-23 08:46:00,25-34,Female,East,Product A,2,Highly recommended,2024-03-23
519,2024-01-12 21:17:00,25-34,Female,South,Product A,3,Needs improvement,2024-01-12
520,2024-02-25 00:28:00,35-44,Other,South,Product B,4,Highly recommended,2024-02-25
521,2024-03-17 13:49:00,25-34,Other,South,Product C,2,Needs improvement,2024-03-17
522,2024-02-11 15:48:00,45+,Female,West,Product B,4,Average experience,2024-02-11
523,2024-01-03 17:07:00,18-24,Other,East,Product B,5,Excellent product,2024-01-03
524,2024-03-23 05:04:00,35-44,Female,South,Product C,1,Needs improvement,2024-03-23
525,2024-03-03 04:43:00,45+,Male,South,Product B,5,Not satisfied,2024-03-03
526,2024-01-09 22:08:00,25-34,Other,South,Product D,1,Very useful,2024-01-09
527,2024-01-20 03:23:00,18-24,Female,North,Product C,4,Very useful,2024-01-20
528,2024-03-13 18:24:00,25-34,Male,East,Product D,2,Average experience,2024-03-13
529,2024-01-02 15:47:00,35-44,Other,South,Product C,3,Highly recommended,2024-01-02
530,2024-02-07 17:31:00,35-44,Male,North,Product A,1,Very useful,2024-02-07
531,2024-03-11 01:48:00,45+,Female,East,Product B,4,Needs improvement,2024-03-11
532,2024-03-09 19:51:00,35-44,Female,West,Product A,5,Very useful,2024-03-09
533,2024-01-26 22:25:00,35-44,Male,South,Product C,3,Highly recommended,2024-01-26
534,2024-02-03 04:12:00,25-34,Male,West,Product C,5,Good value,2024-02-03
535,2024-01-20 05:34:00,45+,Other,West,Product B,4,Average experience,2024-01-20
536,2024-03-20 15:55:00,18-24,Female,East,Product A,2,Very useful,2024-03-20
537,2024-03-09 22:01:00,45+,Female,South,Product A,1,Excellent product,2024-03-09
538,2024-01-03 11:50:00,35-44,Male,East,Product C,4,Average experience,2024-01-03
539,2024-03-03 21:00:00,18-24,Other,West,Product D,3,Excellent product,2024-03-03
540,2024-02-21 08:52:00,45+,Other,South,Product D,4,Highly recommended,2024-02-21
541,2024-01-07 11:58:00,35-44,Other,West,Product D,2,Highly recommended,2024-01-07
542,2024-02-24 18:47:00,25-34,Female,West,Product A,4,Average experience,2024-02-24
543,2024-01-22 18:54:00,35-44,Other,North,Product C,3,Very useful,2024-01-22
544,2024-02-13 15:43:00,18-24,Female,South,Product D,3,Needs improvement,2024-02-13
545,2024-02-04 16:49:00,25-34,Male,West,Product C,4,Excellent product,2024-02-04
546,2024-01-05 15:10:00,25-34,Other,West,Product C,5,Good value,2024-01-05
547,2024-02-04 10:25:00,35-44,Other,East,Product B,2,Excellent product,2024-02-04
548,2024-02-27 15:16:00,18-24,Other,North,Product D,4,Average experience,2024-02-27
549,2024-02-20 01:05:00,18-24,Male,North,Product A,5,Excellent product,2024-02-20
550,2024-01-15 10:43:00,18-24,Other,North,Product D,3,Needs improvement,2024-01-15
551,2024-03-02 06:24:00,25-34,Other,West,Product C,1,Very useful,2024-03-02
552,2024-01-15 21:16:00,45+,Male,South,Product D,1,Excellent product,2024-01-15
553,2024-01-09 10:23:00,18-24,Male,South,Product B,4,Very useful,2024-01-09
554,2024-02-25 12:56:00,45+,Other,East,Product A,1,Needs improvement,2024-02-25
555,2024-03-28 04:38:00,18-24,Other,South,Product C,4,Highly recommended,2024-03-28
556,2024-02-24 05:45:00,35-44,Other,West,Product A,4,Average experience,2024-02-24
557,2024-02-19 04:36:00,45+,Other,West,Product B,5,Excellent product,2024-02-19
558,2024-03-15 08:23:00,45+,Male,North,Product D,4,Highly recommended,2024-03-15
559,2024-03-04 07:00:00,35-44,Other,East,Product C,2,Average experience,2024-03-04
560,2024-02-08 07:26:00,35-44,Female,South,Product A,5,Highly recommended,2024-02-08
561,2024-02-04 16:15:00,45+,Other,East,Product C,1,Excellent product,2024-02-04
562,2024-02-05 11:10:00,18-24,Female,South,Product A,4,Very useful,2024-02-05
563,2024-02-02 05:51:00,35-44,Female,North,Product B,1,Very useful,2024-02-02
564,2024-02-13 18:33:00,35-44,Other,West,Product B,4,Average experience,2024-02-13
565,2024-01-04 23:19:00,25-34,Female,West,Product D,2,Good value,2024-01-04
566,2024-03-15 21:25:00,18-24,Male,West,Product C,3,Highly recommended,2024-03-15
567,2024-01-28 13:50:00,45+,Female,South,Product D,5,Good value,2024-01-28
568,2024-03-31 18:07:00,25-34,Other,East,Product D,1,Average experience,2024-03-31
569,2024-01-30 01:41:00,45+,Female,East,Product D,4,Highly recommended,2024-01-30
570,2024-03-03 08:36:00,18-24,Female,East,Product C,4,Not satisfied,2024-03-03
571,2024-02-12 00:38:00,25-34,Other,West,Product A,2,Average experience,2024-02-12
572,2024-03-23 15:30:00,45+,Male,East,Product C,5,Not satisfied,2024-03-23
573,2024-01-08 00:02:00,18-24,Male,East,Product A,3,Very useful,2024-01-08
574,2024-03-16 11:01:00,18-24,Female,East,Product C,5,Very useful,2024-03-16
575,2024-02-17 16:08:00,18-24,Female,South,Product B,2,Average experience,2024-02-17
576,2024-02-25 04:24:00,45+,Other,West,Product A,4,Not satisfied,2024-02-25
577,2024-01-10 19:54:00,45+,Other,West,Product B,4,Very useful,2024-01-10
578,2024-01-23 14:18:00,25-34,Male,North,Product B,5,Excellent product,2024-01-23
579,2024-01-26 18:24:00,35-44,Other,North,Product C,1,Not satisfied,2024-01-26
580,2024-02-20 04:22:00,18-24,Other,East,Product D,4,Average experience,2024-02-20
581,2024-03-20 14:14:00,45+,Other,North,Product C,3,Very useful,2024-03-20
582,2024-02-18 04:36:00,35-44,Other,East,Product B,5,Highly recommended,2024-02-18
583,2024-02-15 11:58:00,25-34,Female,South,Product C,5,Excellent product,2024-02-15
584,2024-03-21 15:05:00,18-24,Male,North,Product B,1,Good value,2024-03-21
585,2024-03-16 03:11:00,18-24,Female,South,Product C,2,Very useful,2024-03-16
586,2024-02-04 04:37:00,25-34,Male,East,Product D,1,Highly recommended,2024-02-04
587,2024-02-21 19:49:00,18-24,Other,West,Product C,3,Excellent product,2024-02-21
588,2024-02-28 00:57:00,35-44,Female,North,Product B,2,Very useful,2024-02-28
589,2024-03-22 13:58:00,45+,Male,North,Product B,5,Not satisfied,2024-03-22
590,2024-02-13 21:18:00,35-44,Male,West,Product D,2,Good value,2024-02-13
591,2024-01-04 13:47:00,35-44,Female,West,Product C,5,Good value,2024-01-04
592,2024-02-17 19:30:00,45+,Female,North,Product A,5,Good value,2024-02-17
593,2024-02-29 21:39:00,25-34,Female,South,Product D,3,Excellent product,2024-02-29
594,2024-03-30 20:08:00,45+,Other,South,Product B,1,Highly recommended,2024-03-30
595,2024-03-21 10:36:00,45+,Other,East,Product C,2,Highly recommended,2024-03-21
596,2024-03-16 18:35:00,45+,Male,North,Product C,5,Very useful,2024-03-16
597,2024-01-22 15:39:00,35-44,Other,North,Product C,1,Needs improvement,2024-01-22
598,2024-01-16 20:04:00,18-24,Male,West,Product A,4,Not satisfied,2024-01-16
599,2024-03-25 05:05:00,18-24,Male,East,Product B,3,Average experience,2024-03-25
600,2024-01-19 06:03:00,25-34,Male,East,Product C,2,Highly recommended,2024-01-19
601,2024-03-14 12:04:00,25-34,Male,North,Product A,4,Not satisfied,2024-03-14
602,2024-02-15 14:30:00,35-44,Other,South,Product B,3,Very useful,2024-02-15
603,2024-01-15 15:43:00,35-44,Male,West,Product A,3,Average experience,2024-01-15
604,2024-01-06 07:30:00,25-34,Male,East,Product A,3,Needs improvement,2024-01-06
605,2024-01-11 08:40:00,18-24,Other,East,Product B,2,Needs improvement,2024-01-11
606,2024-02-25 00:27:00,18-24,Female,East,Product B,2,Very useful,2024-02-25
607,2024-03-05 14:38:00,18-24,Male,West,Product A,5,Needs improvement,2024-03-05
608,2024-01-24 20:34:00,35-44,Female,South,Product A,4,Not satisfied,2024-01-24
609,2024-01-09 03:07:00,35-44,Male,South,Product A,4,Average experience,2024-01-09
610,2024-01-19 16:47:00,25-34,Male,South,Product B,1,Not satisfied,2024-01-19
611,2024-01-07 05:38:00,18-24,Female,West,Product B,4,Average experience,2024-01-07
612,2024-03-25 10:32:00,25-34,Male,South,Product A,2,Average experience,2024-03-25
613,2024-01-24 19:08:00,35-44,Male,West,Product D,3,Highly recommended,2024-01-24
614,2024-01-17 11:39:00,35-44,Male,West,Product B,5,Excellent product,2024-01-17
615,2024-03-28 12:39:00,35-44,Other,East,Product B,4,Highly recommended,2024-03-28
616,2024-03-10 19:16:00,35-44,Other,West,Product D,2,Not satisfied,2024-03-10
617,2024-03-28 01:26:00,35-44,Other,North,Product A,5,Highly recommended,2024-03-28
618,2024-03-29 22:20:00,25-34,Female,West,Product B,2,Very useful,2024-03-29
619,2024-02-23 18:53:00,25-34,Male,East,Product A,5,Highly recommended,2024-02-23
620,2024-02-11 13:13:00,35-44,Female,East,Product C,4,Excellent product,2024-02-11
621,2024-01-09 17:35:00,18-24,Other,South,Product A,2,Very useful,2024-01-09
622,2024-02-10 05:43:00,18-24,Female,South,Product A,2,Excellent product,2024-02-10
623,2024-01-12 23:44:00,25-34,Other,South,Product C,4,Highly recommended,2024-01-12
624,2024-02-16 19:20:00,35-44,Female,North,Product B,2,Highly recommended,2024-02-16
625,2024-01-09 06:57:00,25-34,Female,East,Product C,2,Average experience,2024-01-09
626,2024-02-29 11:05:00,25-34,Male,North,Product C,3,Average experience,2024-02-29
627,2024-02-05 10:27:00,35-44,Male,West,Product B,2,Needs improvement,2024-02-05
628,2024-03-30 22:35:00,35-44,Other,South,Product B,2,Not satisfied,2024-03-30
629,2024-01-24 19:02:00,18-24,Other,East,Product A,3,Highly recommended,2024-01-24
630,2024-01-15 22:58:00,35-44,Female,North,Product A,4,Highly recommended,2024-01-15
631,2024-01-12 03:44:00,25-34,Other,East,Product C,4,Not satisfied,2024-01-12
632,2024-03-06 04:49:00,18-24,Female,North,Product D,1,Average experience,2024-03-06
633,2024-03-01 09:08:00,45+,Female,South,Product A,3,Very useful,2024-03-01
634,2024-01-21 05:02:00,25-34,Other,North,Product C,3,Average experience,2024-01-21
635,2024-02-29 08:38:00,45+,Female,East,Product A,3,Excellent product,2024-02-29
636,2024-01-31 02:34:00,35-44,Male,West,Product C,5,Needs improvement,2024-01-31
637,2024-02-29 12:52:00,35-44,Male,East,Product B,2,Highly recommended,2024-02-29
638,2024-03-28 12:38:00,25-34,Male,North,Product B,4,Needs improvement,2024-03-28
639,2024-02-06 16:11:00,45+,Male,North,Product D,4,Average experience,2024-02-06
640,2024-01-22 10:09:00,25-34,Male,West,Product B,2,Needs improvement,2024-01-22
641,2024-03-29 05:14:00,18-24,Female,East,Product A,1,Highly recommended,2024-03-29
642,2024-02-19 01:12:00,35-44,Male,East,Product D,1,Excellent product,2024-02-19
643,2024-02-26 09:45:00,45+,Other,West,Product D,2,Excellent product,2024-02-26
644,2024-02-20 15:26:00,45+,Male,West,Product C,2,Highly recommended,2024-02-20
645,2024-03-01 23:37:00,35-44,Male,South,Product A,4,Very useful,2024-03-01
646,2024-02-23 17:23:00,18-24,Other,South,Product C,4,Not satisfied,2024-02-23
647,2024-01-09 08:58:00,35-44,Female,West,Product D,1,Needs improvement,2024-01-09
648,2024-03-07 23:12:00,45+,Male,West,Product D,3,Needs improvement,2024-03-07
649,2024-01-09 15:33:00,35-44,Male,West,Product D,4,Highly recommended,2024-01-09
650,2024-02-05 22:07:00,18-24,Male,West,Product B,1,Excellent product,2024-02-05
651,2024-02-27 14:53:00,25-34,Other,South,Product C,5,Needs improvement,2024-02-27
652,2024-02-29 11:45:00,45+,Female,East,Product C,4,Good value,2024-02-29
653,2024-01-21 03:13:00,35-44,Female,South,Product B,4,Not satisfied,2024-01-21
654,2024-02-22 18:39:00,35-44,Other,East,Product C,1,Good value,2024-02-22
655,2024-01-26 15:43:00,25-34,Male,East,Product B,4,Not satisfied,2024-01-26
656,2024-01-28 04:07:00,25-34,Male,South,Product A,3,Good value,2024-01-28
657,2024-01-26 03:33:00,45+,Other,West,Product A,4,Not satisfied,2024-01-26
658,2024-03-31 10:47:00,45+,Other,East,Product B,1,Needs improvement,2024-03-31
659,2024-01-09 20:05:00,25-34,Male,South,Product D,5,Highly recommended,2024-01-09
660,2024-01-08 01:09:00,18-24,Other,West,Product A,2,Highly recommended,2024-01-08
661,2024-01-18 02:28:00,45+,Other,West,Product C,2,Needs improvement,2024-01-18
662,2024-01-30 18:00:00,25-34,Female,North,Product D,4,Not satisfied,2024-01-30
663,2024-03-21 12:21:00,18-24,Other,West,Product A,1,Excellent product,2024-03-21
664,2024-01-17 20:09:00,25-34,Male,West,Product A,4,Needs improvement,2024-01-17
665,2024-03-11 00:18:00,25-34,Other,North,Product D,2,Highly recommended,2024-03-11
666,2024-03-20 14:58:00,18-24,Female,South,Product A,5,Highly recommended,2024-03-20
667,2024-03-19 22:59:00,25-34,Other,West,Product D,4,Needs improvement,2024-03-19
668,2024-01-28 06:16:00,45+,Female,West,Product D,5,Very useful,2024-01-28
669,2024-02-05 18:08:00,25-34,Other,East,Product D,1,Excellent product,2024-02-05
670,2024-01-15 03:39:00,18-24,Female,South,Product C,4,Excellent product,2024-01-15
671,2024-03-31 07:09:00,18-24,Male,South,Product D,3,Excellent product,2024-03-31
672,2024-02-01 07:05:00,45+,Female,South,Product D,4,Needs improvement,2024-02-01
673,2024-03-30 17:39:00,35-44,Female,South,Product B,3,Excellent product,2024-03-30
674,2024-01-23 00:08:00,45+,Male,South,Product D,1,Good value,2024-01-23
675,2024-02-09 03:31:00,25-34,Male,South,Product D,5,Needs improvement,2024-02-09
676,2024-01-04 05:30:00,45+,Male,East,Product B,2,Very useful,2024-01-04
677,2024-03-01 16:01:00,25-34,Female,North,Product A,3,Needs improvement,2024-03-01
678,2024-01-26 19:50:00,45+,Male,South,Product A,1,Very useful,2024-01-26
679,2024-02-03 09:21:00,18-24,Other,South,Product C,2,Needs improvement,2024-02-03
680,2024-03-25 23:16:00,18-24,Female,North,Product B,3,Highly recommended,2024-03-25
681,2024-01-11 07:09:00,35-44,Other,East,Product A,3,Not satisfied,2024-01-11
682,2024-01-08 13:19:00,45+,Male,West,Product A,4,Good value,2024-01-08
683,2024-02-10 04:26:00,45+,Other,North,Product D,4,Excellent product,2024-02-10
684,2024-03-09 10:11:00,25-34,Female,East,Product B,4,Good value,2024-03-09
685,2024-01-14 19:41:00,35-44,Female,South,Product A,1,Not satisfied,2024-01-14
686,2024-02-28 13:05:00,18-24,Female,West,Product B,5,Good value,2024-02-28
687,2024-01-03 03:04:00,35-44,Male,West,Product C,5,Needs improvement,2024-01-03
688,2024-01-14 23:27:00,18-24,Female,East,Product A,3,Not satisfied,2024-01-14
689,2024-03-20 20:49:00,18-24,Other,South,Product D,1,Average experience,2024-03-20
690,2024-03-10 06:57:00,45+,Other,North,Product C,3,Very useful,2024-03-10
691,2024-01-24 16:43:00,35-44,Male,East,Product B,5,Good value,2024-01-24
692,2024-01-13 12:34:00,25-34,Other,South,Product A,5,Very useful,2024-01-13
693,2024-03-29 18:13:00,35-44,Other,West,Product B,1,Needs improvement,2024-03-29
694,2024-02-23 23:21:00,18-24,Male,South,Product B,5,Not satisfied,2024-02-23
695,2024-01-12 09:11:00,45+,Female,East,Product A,4,Average experience,2024-01-12
696,2024-03-27 14:00:00,18-24,Male,East,Product D,1,Good value,2024-03-27
697,2024-01-30 15:40:00,45+,Male,North,Product B,3,Not satisfied,2024-01-30
698,2024-03-19 11:05:00,35-44,Other,South,Product A,4,Needs improvement,2024-03-19
699,2024-01-06 02:40:00,45+,Male,North,Product C,1,Average experience,2024-01-06
700,2024-01-30 11:35:00,18-24,Male,South,Product D,4,Highly recommended,2024-01-30
701,2024-01-02 23:08:00,18-24,Female,East,Product C,3,Average experience,2024-01-02
702,2024-02-02 08:14:00,25-34,Female,South,Product D,3,Needs improvement,2024-02-02
703,2024-03-07 13:12:00,35-44,Male,South,Product D,2,Needs improvement,2024-03-07
704,2024-02-08 05:55:00,45+,Female,East,Product C,1,Not satisfied,2024-02-08
705,2024-03-04 17:40:00,45+,Male,West,Product D,1,Good value,2024-03-04
706,2024-03-24 22:31:00,35-44,Male,West,Product D,2,Highly recommended,2024-03-24
707,2024-02-22 20:25:00,18-24,Male,East,Product B,3,Good value,2024-02-22
708,2024-03-29 15:38:00,45+,Female,East,Product C,2,Not satisfied,2024-03-29
709,2024-01-10 20:27:00,45+,Female,West,Product C,2,Average experience,2024-01-10
710,2024-01-19 17:16:00,18-24,Female,West,Product C,1,Good value,2024-01-19
711,2024-02-01 09:50:00,25-34,Female,East,Product D,5,Average experience,2024-02-01
712,2024-02-03 07:03:00,18-24,Male,South,Product A,3,Needs improvement,2024-02-03
713,2024-03-26 09:17:00,25-34,Male,West,Product B,3,Very useful,2024-03-26
714,2024-01-09 06:17:00,35-44,Other,South,Product C,4,Very useful,2024-01-09
715,2024-01-19 21:05:00,18-24,Female,West,Product C,1,Not satisfied,2024-01-19
716,2024-02-24 05:31:00,45+,Male,East,Product D,4,Very useful,2024-02-24
717,2024-02-03 10:02:00,18-24,Other,West,Product A,4,Good value,2024-02-03
718,2024-02-23 16:08:00,25-34,Male,South,Product C,3,Good value,2024-02-23
719,2024-01-10 08:43:00,35-44,Female,North,Product C,3,Not satisfied,2024-01-10
720,2024-02-05 08:21:00,45+,Female,South,Product A,3,Needs improvement,2024-02-05
721,2024-03-29 16:58:00,35-44,Female,North,Product D,3,Very useful,2024-03-29
722,2024-01-23 16:58:00,18-24,Male,North,Product D,5,Not satisfied,2024-01-23
723,2024-01-31 00:23:00,25-34,Female,East,Product B,5,Not satisfied,2024-01-31
724,2024-02-29 23:24:00,45+,Other,North,Product B,1,Average experience,2024-02-29
725,2024-01-07 03:41:00,18-24,Other,North,Product D,5,Excellent product,2024-01-07
726,2024-01-01 11:25:00,35-44,Male,East,Product D,1,Highly recommended,2024-01-01
727,2024-01-20 20:27:00,18-24,Female,South,Product D,1,Excellent product,2024-01-20
728,2024-03-10 05:09:00,25-34,Female,North,Product D,5,Very useful,2024-03-10
729,2024-02-04 20:49:00,35-44,Other,North,Product D,5,Excellent product,2024-02-04
730,2024-01-16 13:57:00,18-24,Female,South,Product C,3,Good value,2024-01-16
731,2024-01-17 17:50:00,18-24,Other,West,Product A,2,Highly recommended,2024-01-17
732,2024-03-19 03:50:00,35-44,Female,West,Product C,5,Needs improvement,2024-03-19
733,2024-03-14 19:38:00,25-34,Other,West,Product D,3,Needs improvement,2024-03-14
734,2024-03-21 09:35:00,35-44,Other,West,Product B,2,Good value,2024-03-21
735,2024-01-08 21:18:00,25-34,Female,South,Product B,2,Not satisfied,2024-01-08
736,2024-01-08 07:47:00,45+,Other,South,Product A,2,Very useful,2024-01-08
737,2024-01-10 04:21:00,45+,Other,North,Product A,3,Excellent product,2024-01-10
738,2024-03-01 04:30:00,45+,Male,East,Product C,1,Average experience,2024-03-01
739,2024-03-08 18:12:00,18-24,Male,South,Product D,1,Excellent product,2024-03-08
740,2024-03-19 06:32:00,18-24,Other,South,Product A,2,Good value,2024-03-19
741,2024-01-29 15:09:00,25-34,Other,North,Product D,4,Good value,2024-01-29
742,2024-03-08 21:58:00,18-24,Female,North,Product C,1,Needs improvement,2024-03-08
743,2024-01-22 05:12:00,45+,Other,East,Product B,5,Needs improvement,2024-01-22
744,2024-03-01 20:31:00,25-34,Male,West,Product A,5,Excellent product,2024-03-01
745,2024-03-22 21:54:00,25-34,Male,West,Product A,1,Average experience,2024-03-22
746,2024-03-08 17:13:00,35-44,Other,East,Product A,2,Needs improvement,2024-03-08
747,2024-01-14 12:44:00,45+,Male,West,Product C,3,Excellent product,2024-01-14
748,2024-03-12 03:38:00,45+,Male,South,Product C,1,Not satisfied,2024-03-12
749,2024-01-28 17:18:00,18-24,Other,South,Product B,3,Average experience,2024-01-28
750,2024-03-24 10:54:00,35-44,Male,West,Product B,5,Average experience,2024-03-24
751,2024-01-18 07:05:00,45+,Female,East,Product A,5,Not satisfied,2024-01-18
752,2024-02-14 12:48:00,35-44,Female,East,Product D,5,Average experience,2024-02-14
753,2024-02-23 14:59:00,45+,Male,North,Product C,3,Excellent product,2024-02-23
754,2024-03-01 11:37:00,45+,Male,North,Product B,2,Good value,2024-03-01
755,2024-01-16 22:51:00,18-24,Male,North,Product A,5,Very useful,2024-01-16
756,2024-01-27 22:14:00,18-24,Other,North,Product D,3,Not satisfied,2024-01-27
757,2024-02-07 06:20:00,35-44,Other,West,Product D,4,Needs improvement,2024-02-07
758,2024-03-02 12:13:00,25-34,Other,West,Product B,2,Average experience,2024-03-02
759,2024-01-19 11:57:00,35-44,Other,West,Product A,1,Highly recommended,2024-01-19
760,2024-01-24 23:51:00,45+,Other,South,Product A,4,Highly recommended,2024-01-24
761,2024-02-25 04:34:00,45+,Other,North,Product A,1,Highly recommended,2024-02-25
762,2024-03-09 03:16:00,25-34,Male,West,Product A,3,Good value,2024-03-09
763,2024-03-06 05:19:00,25-34,Female,South,Product A,5,Average experience,2024-03-06
764,2024-01-16 05:23:00,18-24,Other,South,Product C,3,Excellent product,2024-01-16
765,2024-02-06 02:00:00,45+,Male,East,Product C,3,Highly recommended,2024-02-06
766,2024-03-09 12:57:00,25-34,Female,South,Product D,1,Good value,2024-03-09
767,2024-01-31 15:41:00,35-44,Other,North,Product A,5,Highly recommended,2024-01-31
768,2024-03-04 12:24:00,35-44,Female,North,Product C,5,Highly recommended,2024-03-04
769,2024-02-16 22:34:00,35-44,Male,East,Product C,5,Very useful,2024-02-16
770,2024-03-31 01:04:00,25-34,Female,South,Product B,5,Needs improvement,2024-03-31
771,2024-03-07 16:17:00,18-24,Other,East,Product D,1,Very useful,2024-03-07
772,2024-03-07 02:14:00,25-34,Female,South,Product A,2,Good value,2024-03-07
773,2024-03-29 11:20:00,18-24,Male,North,Product D,5,Good value,2024-03-29
774,2024-03-12 17:53:00,45+,Male,South,Product A,1,Highly recommended,2024-03-12
775,2024-01-26 00:28:00,45+,Other,West,Product A,5,Very useful,2024-01-26
776,2024-02-09 22:55:00,25-34,Male,North,Product B,1,Highly recommended,2024-02-09
777,2024-03-26 17:22:00,45+,Other,South,Product A,5,Needs improvement,2024-03-26
778,2024-02-28 00:42:00,18-24,Other,North,Product B,4,Not satisfied,2024-02-28
779,2024-03-16 09:28:00,45+,Male,South,Product B,2,Average experience,2024-03-16
780,2024-01-25 18:13:00,35-44,Other,South,Product C,5,Highly recommended,2024-01-25
781,2024-03-25 10:59:00,25-34,Other,North,Product D,5,Not satisfied,2024-03-25
782,2024-03-05 15:30:00,25-34,Female,North,Product B,5,Good value,2024-03-05
783,2024-01-11 02:29:00,35-44,Female,East,Product D,2,Excellent product,2024-01-11
784,2024-02-25 11:02:00,25-34,Other,East,Product A,1,Needs improvement,2024-02-25
785,2024-02-13 13:31:00,25-34,Male,North,Product A,3,Highly recommended,2024-02-13
786,2024-02-10 20:19:00,35-44,Male,North,Product B,1,Very useful,2024-02-10
787,2024-01-08 05:59:00,25-34,Male,East,Product B,2,Highly recommended,2024-01-08
788,2024-03-17 17:26:00,35-44,Male,West,Product C,5,Very useful,2024-03-17
789,2024-03-05 14:24:00,35-44,Other,South,Product B,4,Needs improvement,2024-03-05
790,2024-02-26 21:20:00,25-34,Female,North,Product D,4,Not satisfied,2024-02-26
791,2024-02-20 02:50:00,45+,Female,East,Product C,4,Not satisfied,2024-02-20
792,2024-01-04 05:58:00,45+,Female,East,Product D,4,Good value,2024-01-04
793,2024-02-11 09:11:00,25-34,Male,North,Product B,2,Not satisfied,2024-02-11
794,2024-01-25 05:34:00,18-24,Female,North,Product C,4,Highly recommended,2024-01-25
795,2024-01-20 23:27:00,18-24,Other,East,Product B,4,Needs improvement,2024-01-20
796,2024-01-25 04:39:00,35-44,Male,East,Product D,5,Average experience,2024-01-25
797,2024-01-20 10:24:00,25-34,Male,East,Product C,4,Not satisfied,2024-01-20
798,2024-02-19 20:15:00,18-24,Female,East,Product A,4,Good value,2024-02-19
799,2024-01-11 21:14:00,45+,Female,West,Product D,4,Very useful,2024-01-11
800,2024-02-08 23:29:00,35-44,Male,West,Product B,1,Average experience,2024-02-08
801,2024-01-29 08:19:00,45+,Female,West,Product B,3,Average experience,2024-01-29
802,2024-02-20 13:06:00,25-34,Other,South,Product A,3,Average experience,2024-02-20
803,2024-02-05 08:21:00,35-44,Male,East,Product C,3,Very useful,2024-02-05
804,2024-03-12 20:04:00,35-44,Male,West,Product C,3,Very useful,2024-03-12
805,2024-03-31 19:30:00,25-34,Male,West,Product C,5,Average experience,2024-03-31
806,2024-02-16 02:17:00,35-44,Other,North,Product A,5,Good value,2024-02-16
807,2024-03-06 13:06:00,25-34,Male,West,Product D,2,Needs improvement,2024-03-06
808,2024-02-07 18:41:00,18-24,Female,South,Product B,4,Very useful,2024-02-07
809,2024-02-24 09:02:00,18-24,Female,West,Product A,4,Excellent product,2024-02-24
810,2024-01-03 18:53:00,25-34,Female,East,Product B,2,Highly recommended,2024-01-03
811,2024-01-21 04:13:00,35-44,Male,West,Product B,1,Average experience,2024-01-21
812,2024-02-16 18:11:00,35-44,Other,West,Product C,1,Highly recommended,2024-02-16
813,2024-02-20 02:11:00,45+,Female,East,Product B,4,Not satisfied,2024-02-20
814,2024-02-16 18:36:00,18-24,Other,East,Product C,5,Good value,2024-02-16
815,2024-01-27 15:34:00,35-44,Male,South,Product B,5,Highly recommended,2024-01-27
816,2024-03-16 18:36:00,25-34,Female,South,Product D,3,Excellent product,2024-03-16
817,2024-03-09 17:59:00,25-34,Female,South,Product D,1,Excellent product,2024-03-09
818,2024-03-07 23:38:00,18-24,Male,West,Product D,2,Excellent product,2024-03-07
819,2024-01-17 01:02:00,45+,Female,South,Product A,4,Very useful,2024-01-17
820,2024-03-26 11:21:00,45+,Female,East,Product A,4,Average experience,2024-03-26
821,2024-03-23 15:20:00,35-44,Other,South,Product A,2,Not satisfied,2024-03-23
822,2024-03-15 23:26:00,45+,Other,North,Product B,4,Good value,2024-03-15
823,2024-02-01 12:17:00,25-34,Male,North,Product D,1,Needs improvement,2024-02-01
824,2024-01-02 13:35:00,45+,Female,South,Product B,2,Highly recommended,2024-01-02
825,2024-03-19 18:25:00,35-44,Male,South,Product B,2,Very useful,2024-03-19
826,2024-02-16 10:08:00,25-34,Female,East,Product C,2,Needs improvement,2024-02-16
827,2024-02-20 04:24:00,35-44,Male,North,Product D,2,Not satisfied,2024-02-20
828,2024-02-10 01:13:00,45+,Male,West,Product B,3,Excellent product,2024-02-10
829,2024-02-03 07:44:00,25-34,Other,South,Product C,1,Excellent product,2024-02-03
830,2024-02-01 01:02:00,18-24,Male,East,Product D,2,Highly recommended,2024-02-01
831,2024-01-30 08:06:00,25-34,Other,North,Product C,2,Highly recommended,2024-01-30
832,2024-01-02 08:56:00,25-34,Female,West,Product C,1,Good value,2024-01-02
833,2024-01-06 22:24:00,18-24,Other,East,Product C,2,Good value,2024-01-06
834,2024-03-27 02:23:00,25-34,Male,West,Product D,3,Excellent product,2024-03-27
835,2024-02-20 07:52:00,45+,Other,East,Product A,5,Good value,2024-02-20
836,2024-03-20 05:24:00,25-34,Other,South,Product D,4,Not satisfied,2024-03-20
837,2024-03-26 23:47:00,35-44,Female,South,Product C,1,Needs improvement,2024-03-26
838,2024-01-31 23:28:00,35-44,Female,East,Product D,5,Excellent product,2024-01-31
839,2024-03-23 21:45:00,35-44,Male,South,Product C,1,Excellent product,2024-03-23
840,2024-01-23 19:09:00,25-34,Female,North,Product D,3,Excellent product,2024-01-23
841,2024-01-19 14:02:00,18-24,Female,West,Product C,3,Excellent product,2024-01-19
842,2024-01-04 19:50:00,45+,Female,South,Product A,2,Highly recommended,2024-01-04
843,2024-03-26 04:13:00,25-34,Other,East,Product A,2,Excellent product,2024-03-26
844,2024-01-19 18:44:00,45+,Female,South,Product D,1,Not satisfied,2024-01-19
845,2024-02-29 07:05:00,25-34,Other,East,Product C,3,Very useful,2024-02-29
846,2024-02-26 17:17:00,45+,Male,West,Product B,2,Not satisfied,2024-02-26
847,2024-02-08 12:03:00,35-44,Female,East,Product D,3,Not satisfied,2024-02-08
848,2024-01-06 02:04:00,25-34,Male,West,Product D,2,Needs improvement,2024-01-06
849,2024-03-31 07:03:00,45+,Female,East,Product D,3,Very useful,2024-03-31
850,2024-02-13 01:51:00,35-44,Female,East,Product C,3,Excellent product,2024-02-13
851,2024-01-11 11:22:00,18-24,Female,North,Product B,1,Not satisfied,2024-01-11
852,2024-02-22 17:41:00,35-44,Male,South,Product B,2,Highly recommended,2024-02-22
853,2024-03-04 07:46:00,18-24,Male,West,Product A,1,Not satisfied,2024-03-04
854,2024-02-07 14:54:00,35-44,Other,East,Product C,3,Needs improvement,2024-02-07
855,2024-03-01 14:14:00,25-34,Other,North,Product C,3,Very useful,2024-03-01
856,2024-03-06 12:26:00,35-44,Female,West,Product D,5,Average experience,2024-03-06
857,2024-01-31 04:01:00,25-34,Female,North,Product D,1,Needs improvement,2024-01-31
858,2024-03-06 23:34:00,45+,Male,North,Product C,1,Excellent product,2024-03-06
859,2024-01-11 03:33:00,45+,Female,North,Product D,2,Average experience,2024-01-11
860,2024-03-30 11:47:00,35-44,Female,West,Product A,3,Good value,2024-03-30
861,2024-01-24 21:48:00,18-24,Other,North,Product C,4,Highly recommended,2024-01-24
862,2024-01-04 11:26:00,45+,Male,North,Product C,4,Needs improvement,2024-01-04
863,2024-01-28 01:16:00,18-24,Male,West,Product A,1,Good value,2024-01-28
864,2024-01-07 01:32:00,45+,Male,West,Product A,4,Highly recommended,2024-01-07
865,2024-01-04 08:58:00,18-24,Female,South,Product D,3,Average experience,2024-01-04
866,2024-03-02 04:41:00,35-44,Female,West,Product C,3,Good value,2024-03-02
867,2024-02-16 22:27:00,35-44,Other,South,Product B,2,Excellent product,2024-02-16
868,2024-01-30 15:11:00,25-34,Female,East,Product B,5,Not satisfied,2024-01-30
869,2024-03-17 08:30:00,18-24,Other,West,Product C,1,Needs improvement,2024-03-17
870,2024-02-03 08:52:00,18-24,Male,West,Product D,2,Very useful,2024-02-03
871,2024-01-31 13:45:00,35-44,Female,North,Product A,2,Not satisfied,2024-01-31
872,2024-01-13 02:06:00,18-24,Female,North,Product D,2,Very useful,2024-01-13
873,2024-02-22 16:55:00,18-24,Male,North,Product C,2,Good value,2024-02-22
874,2024-03-19 09:18:00,18-24,Male,North,Product B,5,Not satisfied,2024-03-19
875,2024-02-01 13:38:00,45+,Other,East,Product B,5,Very useful,2024-02-01
876,2024-01-09 16:54:00,45+,Female,West,Product C,5,Very useful,2024-01-09
877,2024-02-27 19:16:00,18-24,Other,North,Product B,3,Good value,2024-02-27
878,2024-02-15 00:24:00,25-34,Female,South,Product B,3,Not satisfied,2024-02-15
879,2024-01-24 04:58:00,25-34,Male,South,Product A,5,Good value,2024-01-24
880,2024-01-11 09:01:00,35-44,Female,East,Product A,1,Average experience,2024-01-11
881,2024-03-17 05:55:00,35-44,Male,East,Product B,3,Very useful,2024-03-17
882,2024-01-12 12:54:00,35-44,Female,East,Product A,3,Not satisfied,2024-01-12
883,2024-02-29 20:33:00,18-24,Male,North,Product D,1,Good value,2024-02-29
884,2024-03-21 19:06:00,25-34,Female,East,Product B,5,Very useful,2024-03-21
885,2024-02-03 01:44:00,18-24,Other,South,Product A,4,Needs improvement,2024-02-03
886,2024-03-18 06:50:00,35-44,Female,North,Product D,3,Needs improvement,2024-03-18
887,2024-01-10 03:18:00,18-24,Female,West,Product A,5,Very useful,2024-01-10
888,2024-03-21 06:26:00,18-24,Female,West,Product A,1,Not satisfied,2024-03-21
889,2024-01-07 01:49:00,18-24,Male,West,Product B,2,Very useful,2024-01-07
890,2024-03-15 19:21:00,45+,Male,East,Product B,3,Needs improvement,2024-03-15
891,2024-01-22 19:19:00,45+,Other,East,Product C,2,Good value,2024-01-22
892,2024-01-22 14:00:00,45+,Other,North,Product B,2,Excellent product,2024-01-22
893,2024-01-07 00:24:00,35-44,Female,North,Product A,4,Highly recommended,2024-01-07
894,2024-01-20 04:38:00,18-24,Female,East,Product C,1,Excellent product,2024-01-20
895,2024-02-14 10:22:00,25-34,Female,West,Product D,1,Not satisfied,2024-02-14
896,2024-03-08 22:25:00,18-24,Male,East,Product D,4,Needs improvement,2024-03-08
897,2024-02-13 21:48:00,35-44,Male,North,Product C,4,Needs improvement,2024-02-13
898,2024-01-09 18:14:00,25-34,Other,North,Product D,3,Good value,2024-01-09
899,2024-03-15 10:30:00,18-24,Other,West,Product C,1,Good value,2024-03-15
900,2024-01-22 10:52:00,45+,Male,East,Product C,5,Very useful,2024-01-22
901,2024-03-20 22:00:00,18-24,Other,East,Product B,1,Average experience,2024-03-20
902,2024-03-17 05:16:00,25-34,Other,South,Product D,4,Excellent product,2024-03-17
903,2024-03-28 12:36:00,18-24,Female,West,Product D,5,Needs improvement,2024-03-28
904,2024-02-26 05:50:00,25-34,Male,West,Product C,4,Highly recommended,2024-02-26
905,2024-01-31 08:09:00,35-44,Male,South,Product D,2,Excellent product,2024-01-31
906,2024-02-29 03:52:00,45+,Male,North,Product A,3,Good value,2024-02-29
907,2024-03-01 08:20:00,18-24,Other,South,Product B,2,Average experience,2024-03-01
908,2024-01-06 02:04:00,25-34,Female,North,Product B,1,Excellent product,2024-01-06
909,2024-01-05 14:24:00,35-44,Male,North,Product A,5,Not satisfied,2024-01-05
910,2024-03-29 15:02:00,35-44,Male,West,Product A,4,Good value,2024-03-29
911,2024-01-23 01:29:00,25-34,Female,North,Product D,5,Highly recommended,2024-01-23
912,2024-02-22 11:05:00,18-24,Other,East,Product C,3,Excellent product,2024-02-22
913,2024-02-16 17:30:00,25-34,Male,South,Product B,5,Highly recommended,2024-02-16
914,2024-02-29 00:33:00,25-34,Male,South,Product A,4,Excellent product,2024-02-29
915,2024-02-23 10:36:00,18-24,Female,West,Product A,4,Excellent product,2024-02-23
916,2024-01-15 07:18:00,45+,Female,North,Product C,3,Very useful,2024-01-15
917,2024-03-27 23:31:00,45+,Female,West,Product B,2,Average experience,2024-03-27
918,2024-01-19 17:52:00,45+,Other,South,Product C,4,Not satisfied,2024-01-19
919,2024-03-04 22:02:00,18-24,Male,South,Product C,5,Good value,2024-03-04
920,2024-03-05 16:52:00,25-34,Other,North,Product B,1,Not satisfied,2024-03-05
921,2024-03-12 15:14:00,35-44,Other,South,Product C,5,Good value,2024-03-12
922,2024-01-24 03:28:00,35-44,Other,East,Product C,3,Needs improvement,2024-01-24
923,2024-02-15 02:29:00,45+,Male,South,Product C,2,Average experience,2024-02-15
924,2024-02-09 21:32:00,25-34,Male,North,Product B,2,Not satisfied,2024-02-09
925,2024-02-26 12:42:00,18-24,Other,East,Product B,5,Very useful,2024-02-26
926,2024-03-09 10:32:00,45+,Other,South,Product D,2,Needs improvement,2024-03-09
927,2024-03-23 22:18:00,45+,Other,South,Product D,4,Needs improvement,2024-03-23
928,2024-02-17 06:53:00,45+,Female,East,Product B,1,Needs improvement,2024-02-17
929,2024-02-16 00:46:00,18-24,Other,West,Product A,2,Not satisfied,2024-02-16
930,2024-01-14 10:57:00,25-34,Other,North,Product A,5,Needs improvement,2024-01-14
931,2024-02-28 08:25:00,25-34,Female,South,Product D,1,Excellent product,2024-02-28
932,2024-03-30 12:44:00,25-34,Other,South,Product C,1,Highly recommended,2024-03-30
933,2024-03-29 02:18:00,18-24,Male,West,Product A,2,Excellent product,2024-03-29
934,2024-03-25 02:12:00,45+,Female,South,Product A,3,Not satisfied,2024-03-25
935,2024-03-02 13:20:00,35-44,Female,West,Product D,4,Good value,2024-03-02
936,2024-01-25 17:18:00,45+,Other,West,Product C,3,Average experience,2024-01-25
937,2024-03-23 10:41:00,45+,Other,North,Product D,4,Needs improvement,2024-03-23
938,2024-02-13 01:41:00,45+,Male,East,Product D,3,Not satisfied,2024-02-13
939,2024-02-18 22:27:00,45+,Male,North,Product C,5,Good value,2024-02-18
940,2024-02-13 12:52:00,45+,Other,North,Product C,5,Good value,2024-02-13
941,2024-03-06 12:50:00,18-24,Female,South,Product B,1,Needs improvement,2024-03-06
942,2024-01-30 16:12:00,25-34,Other,East,Product C,1,Excellent product,2024-01-30
943,2024-01-04 12:52:00,45+,Male,East,Product B,1,Needs improvement,2024-01-04
944,2024-02-26 00:46:00,18-24,Male,North,Product A,1,Average experience,2024-02-26
945,2024-03-03 07:46:00,35-44,Other,South,Product C,3,Excellent product,2024-03-03
946,2024-03-10 15:58:00,25-34,Male,East,Product A,1,Excellent product,2024-03-10
947,2024-03-05 10:11:00,25-34,Female,West,Product C,2,Needs improvement,2024-03-05
948,2024-02-21 11:57:00,18-24,Male,South,Product B,5,Good value,2024-02-21
949,2024-03-14 05:00:00,35-44,Other,East,Product C,1,Very useful,2024-03-14
950,2024-03-13 08:23:00,18-24,Other,West,Product A,4,Not satisfied,2024-03-13
951,2024-02-07 09:42:00,18-24,Female,North,Product B,5,Average experience,2024-02-07
952,2024-03-14 02:42:00,35-44,Male,North,Product D,4,Highly recommended,2024-03-14
953,2024-03-26 21:14:00,18-24,Male,East,Product D,4,Average experience,2024-03-26
954,2024-01-07 01:00:00,35-44,Female,West,Product A,4,Not satisfied,2024-01-07
955,2024-01-26 06:59:00,35-44,Female,East,Product A,3,Excellent product,2024-01-26
956,2024-02-09 12:39:00,45+,Female,South,Product C,2,Needs improvement,2024-02-09
957,2024-02-11 07:48:00,35-44,Female,North,Product D,2,Average experience,2024-02-11
958,2024-01-31 19:50:00,18-24,Female,South,Product D,4,Excellent product,2024-01-31
959,2024-03-28 16:37:00,18-24,Male,East,Product D,2,Excellent product,2024-03-28
960,2024-02-07 00:11:00,25-34,Other,West,Product A,4,Needs improvement,2024-02-07
961,2024-01-30 06:04:00,45+,Female,North,Product A,4,Highly recommended,2024-01-30
962,2024-02-28 03:33:00,25-34,Female,East,Product D,1,Highly recommended,2024-02-28
963,2024-03-30 18:37:00,25-34,Female,East,Product C,5,Very useful,2024-03-30
964,2024-02-21 15:04:00,35-44,Female,South,Product A,2,Excellent product,2024-02-21
965,2024-02-15 16:28:00,35-44,Male,West,Product B,2,Average experience,2024-02-15
966,2024-02-17 03:34:00,25-34,Female,South,Product B,4,Highly recommended,2024-02-17
967,2024-02-03 04:57:00,18-24,Other,South,Product A,1,Good value,2024-02-03
968,2024-01-18 08:20:00,18-24,Male,North,Product D,4,Needs improvement,2024-01-18
969,2024-03-21 22:39:00,25-34,Female,North,Product B,3,Not satisfied,2024-03-21
970,2024-03-18 06:31:00,25-34,Female,North,Product D,3,Needs improvement,2024-03-18
971,2024-03-30 00:26:00,18-24,Other,East,Product A,1,Highly recommended,2024-03-30
972,2024-02-08 10:05:00,45+,Other,South,Product A,1,Highly recommended,2024-02-08
973,2024-01-20 07:16:00,35-44,Other,East,Product C,4,Good value,2024-01-20
974,2024-01-24 10:08:00,18-24,Male,North,Product B,3,Excellent product,2024-01-24
975,2024-01-30 00:59:00,18-24,Male,East,Product B,3,Highly recommended,2024-01-30
976,2024-03-28 00:05:00,25-34,Female,North,Product A,4,Good value,2024-03-28
977,2024-02-10 11:47:00,45+,Male,South,Product D,3,Very useful,2024-02-10
978,2024-01-26 21:56:00,25-34,Female,North,Product B,1,Highly recommended,2024-01-26
979,2024-01-05 01:57:00,45+,Other,South,Product B,4,Needs improvement,2024-01-05
980,2024-03-29 11:26:00,45+,Female,North,Product B,2,Very useful,2024-03-29
981,2024-02-08 10:44:00,25-34,Other,North,Product A,2,Highly recommended,2024-02-08
982,2024-03-06 06:11:00,25-34,Female,North,Product B,3,Excellent product,2024-03-06
983,2024-01-27 10:32:00,35-44,Female,North,Product D,1,Highly recommended,2024-01-27
984,2024-03-04 22:49:00,25-34,Female,East,Product D,3,Needs improvement,2024-03-04
985,2024-02-01 21:44:00,35-44,Male,North,Product A,5,Average experience,2024-02-01
986,2024-03-06 23:20:00,18-24,Other,East,Product B,5,Average experience,2024-03-06
987,2024-03-22 07:35:00,25-34,Female,East,Product A,2,Excellent product,2024-03-22
988,2024-01-25 22:27:00,35-44,Other,East,Product D,1,Average experience,2024-01-25
989,2024-01-12 03:49:00,35-44,Female,South,Product B,3,Very useful,2024-01-12
990,2024-03-13 14:51:00,45+,Female,East,Product C,4,Average experience,2024-03-13
991,2024-01-14 06:48:00,45+,Other,East,Product C,1,Highly recommended,2024-01-14
992,2024-02-02 20:15:00,35-44,Other,East,Product B,4,Good value,2024-02-02
993,2024-03-24 11:20:00,45+,Other,West,Product B,5,Excellent product,2024-03-24
994,2024-01-10 00:03:00,18-24,Male,West,Product B,5,Good value,2024-01-10
995,2024-01-27 13:22:00,25-34,Male,North,Product D,5,Good value,2024-01-27
996,2024-01-31 01:30:00,35-44,Female,West,Product C,2,Excellent product,2024-01-31
997,2024-01-07 17:05:00,18-24,Other,West,Product D,1,Highly recommended,2024-01-07
998,2024-03-05 18:55:00,25-34,Other,West,Product A,4,Needs improvement,2024-03-05
999,2024-02-01 12:00:00,45+,Female,North,Product C,1,Highly recommended,2024-02-01
1000,2024-02-03 02:34:00,35-44,Other,South,Product C,3,Very useful,2024-02-03
