Respondent_ID,Timestamp,Age_Group,Gender,Region,Preferred_Product,Satisfaction_Rating,Feedback
1,2024-01-19 01:44:00,35-44,Male,North,Product C,3,Not satisfied
2,2024-02-08 19:14:00,45+,Male,North,Product B,5,Excellent product
3,2024-03-25 22:08:00,18-24,Male,West,Product B,3,Highly recommended
4,2024-02-12 18:01:00,45+,Other,West,Product A,4,Good value
5,2024-01-16 23:16:00,45+,Female,West,Product B,1,Not satisfied
6,2024-02-21 19:55:00,25-34,Male,West,Product B,2,Not satisfied
7,2024-01-15 07:31:00,18-24,Other,South,Product A,2,Average experience
8,2024-02-20 10:50:00,18-24,Male,South,Product D,5,Excellent product
9,2024-03-18 11:38:00,35-44,Female,North,Product C,5,Very useful
10,2024-01-25 10:24:00,25-34,Female,South,Product D,4,Highly recommended
11,2024-02-25 12:21:00,35-44,Other,West,Product B,5,Average experience
12,2024-03-23 19:46:00,45+,Other,East,Product B,3,Not satisfied
13,2024-01-20 05:02:00,18-24,Female,South,Product D,2,Very useful
14,2024-02-11 11:24:00,18-24,Male,South,Product A,4,Average experience
15,2024-03-16 08:01:00,25-34,Other,North,Product A,3,Excellent product
16,2024-02-26 07:47:00,25-34,Male,North,Product B,4,Very useful
17,2024-02-02 11:08:00,35-44,Male,West,Product C,5,Average experience
18,2024-01-22 14:16:00,18-24,Male,West,Product C,2,Excellent product
19,2024-02-08 22:02:00,25-34,Other,North,Product B,1,Highly recommended
20,2024-03-14 09:41:00,18-24,Male,East,Product A,1,Needs improvement
21,2024-01-03 23:04:00,45+,Other,South,Product D,4,Excellent product
22,2024-03-16 09:32:00,45+,Other,North,Product A,4,Not satisfied
23,2024-02-10 23:14:00,25-34,Male,East,Product C,4,Highly recommended
24,2024-02-13 09:25:00,25-34,Male,North,Product A,5,Good value
25,2024-01-11 23:19:00,35-44,Other,North,Product B,3,Needs improvement
26,2024-03-29 00:40:00,45+,Other,South,Product A,2,Highly recommended
27,2024-03-28 07:16:00,45+,Female,South,Product D,3,Highly recommended
28,2024-02-02 12:00:00,35-44,Female,West,Product A,3,Not satisfied
29,2024-03-14 00:06:00,18-24,Other,West,Product C,2,Needs improvement
30,2024-02-15 16:48:00,35-44,Female,West,Product B,1,Excellent product
31,2024-01-14 12:32:00,25-34,Female,West,Product B,3,Average experience
32,2024-03-25 14:21:00,25-34,Female,West,Product A,4,Needs improvement
33,2024-03-14 04:24:00,25-34,Female,North,Product A,4,Good value
34,2024-03-22 17:34:00,45+,Other,West,Product A,4,Very useful
35,2024-01-13 06:05:00,45+,Female,West,Product C,1,Highly recommended
36,2024-01-05 08:29:00,35-44,Other,North,Product C,4,Good value
37,2024-01-13 04:30:00,35-44,Female,North,Product C,3,Not satisfied
38,2024-02-12 21:02:00,25-34,Other,North,Product A,2,Good value
39,2024-01-30 19:27:00,25-34,Other,North,Product C,1,Average experience
40,2024-01-19 21:46:00,45+,Male,South,Product A,4,Average experience
41,2024-02-01 17:24:00,18-24,Female,North,Product C,2,Good value
42,2024-02-05 12:17:00,18-24,Female,North,Product C,2,Very useful
43,2024-03-10 16:32:00,35-44,Other,South,Product B,3,Highly recommended
44,2024-03-03 23:23:00,35-44,Male,East,Product D,4,Average experience
45,2024-01-15 22:53:00,35-44,Female,South,Product A,1,Good value
46,2024-03-27 23:30:00,18-24,Other,South,Product D,5,Needs improvement
47,2024-01-12 13:28:00,45+,Female,North,Product C,2,Not satisfied
48,2024-01-08 00:59:00,18-24,Male,East,Product D,5,Excellent product
49,2024-01-18 08:46:00,35-44,Other,East,Product A,3,Very useful
50,2024-03-09 00:37:00,35-44,Female,South,Product D,3,Good value
51,2024-03-11 04:54:00,35-44,Other,West,Product A,5,Good value
52,2024-03-26 10:32:00,25-34,Male,South,Product C,3,Not satisfied
53,2024-01-17 16:55:00,35-44,Female,East,Product A,4,Average experience
54,2024-02-09 01:16:00,18-24,Female,North,Product D,1,Not satisfied
55,2024-01-05 01:13:00,45+,Female,North,Product A,5,Not satisfied
56,2024-02-16 09:39:00,45+,Female,North,Product A,3,Highly recommended
57,2024-03-16 19:24:00,45+,Other,North,Product A,3,Average experience
58,2024-01-16 06:17:00,45+,Female,East,Product D,3,Excellent product
59,2024-02-23 05:22:00,18-24,Other,West,Product A,1,Good value
60,2024-02-09 05:54:00,35-44,Male,South,Product B,2,Highly recommended
61,2024-02-19 02:51:00,45+,Other,West,Product D,4,Very useful
62,2024-02-20 22:23:00,25-34,Female,West,Product B,2,Good value
63,2024-02-19 15:35:00,25-34,Male,East,Product C,4,Not satisfied
64,2024-01-09 09:16:00,45+,Male,South,Product C,1,Excellent product
65,2024-02-12 03:26:00,18-24,Female,West,Product C,4,Good value
66,2024-03-11 08:37:00,25-34,Female,South,Product D,3,Highly recommended
67,2024-02-21 01:15:00,25-34,Male,North,Product D,5,Very useful
68,2024-01-04 15:05:00,18-24,Other,West,Product B,3,Not satisfied
69,2024-03-03 15:51:00,25-34,Other,West,Product C,3,Highly recommended
70,2024-01-03 11:02:00,25-34,Female,West,Product D,1,Highly recommended
71,2024-03-27 04:50:00,35-44,Male,West,Product D,4,Excellent product
72,2024-02-17 07:43:00,35-44,Male,West,Product B,3,Excellent product
73,2024-01-31 05:47:00,45+,Male,South,Product B,3,Not satisfied
74,2024-03-24 16:56:00,18-24,Male,East,Product A,4,Excellent product
75,2024-01-05 14:44:00,45+,Male,West,Product D,2,Very useful
76,2024-02-15 02:15:00,25-34,Other,North,Product B,4,Average experience
77,2024-02-18 09:49:00,35-44,Male,East,Product A,4,Not satisfied
78,2024-03-07 04:10:00,45+,Male,South,Product C,2,Highly recommended
79,2024-03-08 07:33:00,25-34,Other,East,Product B,2,Excellent product
80,2024-01-24 17:32:00,35-44,Male,South,Product B,5,Not satisfied
81,2024-01-14 07:52:00,18-24,Other,North,Product A,2,Needs improvement
82,2024-02-16 14:13:00,18-24,Male,North,Product D,1,Needs improvement
83,2024-01-24 09:34:00,45+,Female,South,Product A,3,Excellent product
84,2024-01-18 07:50:00,35-44,Male,West,Product A,1,Needs improvement
85,2024-01-06 14:24:00,25-34,Female,North,Product A,5,Not satisfied
86,2024-01-07 06:54:00,35-44,Male,North,Product A,3,Very useful
87,2024-02-15 14:58:00,25-34,Male,East,Product B,3,Needs improvement
88,2024-03-02 06:20:00,18-24,Other,East,Product B,5,Not satisfied
89,2024-02-15 22:11:00,45+,Other,South,Product B,3,Excellent product
90,2024-01-23 20:10:00,45+,Other,South,Product B,4,Excellent product
91,2024-01-17 02:16:00,45+,Male,South,Product A,3,Highly recommended
92,2024-01-12 07:11:00,18-24,Female,North,Product B,1,Needs improvement
93,2024-03-25 00:01:00,18-24,Other,West,Product C,2,Good value
94,2024-01-13 04:35:00,25-34,Female,South,Product B,4,Highly recommended
95,2024-02-18 02:26:00,25-34,Female,West,Product B,5,Highly recommended
96,2024-03-23 18:32:00,25-34,Male,East,Product A,4,Excellent product
97,2024-01-29 01:56:00,25-34,Female,North,Product D,3,Good value
98,2024-02-28 20:46:00,18-24,Other,South,Product C,4,Highly recommended
99,2024-03-13 20:47:00,25-34,Other,East,Product B,4,Good value
100,2024-01-23 15:29:00,18-24,Other,North,Product D,5,Very useful
101,2024-01-18 04:17:00,35-44,Female,East,Product B,4,Very useful
102,2024-03-10 20:14:00,45+,Male,East,Product D,2,Highly recommended
103,2024-01-18 20:19:00,25-34,Female,South,Product B,4,Excellent product
104,2024-01-26 08:34:00,45+,Other,North,Product C,1,Not satisfied
105,2024-01-08 18:33:00,35-44,Female,North,Product B,4,Very useful
106,2024-03-13 08:51:00,45+,Male,West,Product C,1,Not satisfied
107,2024-01-26 19:46:00,25-34,Other,North,Product B,1,Highly recommended
108,2024-01-23 07:45:00,25-34,Male,South,Product A,2,Needs improvement
109,2024-03-21 12:33:00,18-24,Other,East,Product C,1,Very useful
110,2024-02-07 20:49:00,45+,Male,North,Product C,4,Highly recommended
111,2024-02-10 01:15:00,25-34,Male,East,Product B,2,Not satisfied
112,2024-02-04 23:48:00,18-24,Female,South,Product C,4,Not satisfied
113,2024-03-09 17:55:00,18-24,Male,North,Product B,4,Average experience
114,2024-02-03 02:24:00,35-44,Other,West,Product C,1,Not satisfied
115,2024-02-20 04:52:00,45+,Other,West,Product A,2,Excellent product
116,2024-01-31 13:43:00,25-34,Other,South,Product C,5,Good value
117,2024-03-25 12:09:00,18-24,Male,West,Product C,3,Average experience
118,2024-02-11 23:59:00,18-24,Male,West,Product D,5,Good value
119,2024-03-21 07:33:00,45+,Other,South,Product B,1,Good value
120,2024-02-22 14:47:00,45+,Female,North,Product C,3,Excellent product
121,2024-02-17 06:42:00,25-34,Male,North,Product A,4,Needs improvement
122,2024-03-25 13:27:00,45+,Female,North,Product C,1,Average experience
123,2024-01-15 17:58:00,18-24,Male,South,Product D,5,Very useful
124,2024-02-01 07:15:00,45+,Other,South,Product A,4,Needs improvement
125,2024-03-16 15:49:00,45+,Female,South,Product B,5,Not satisfied
126,2024-02-10 10:14:00,35-44,Female,West,Product D,5,Not satisfied
127,2024-01-29 13:57:00,45+,Female,East,Product A,2,Good value
128,2024-03-12 04:19:00,45+,Female,North,Product D,3,Excellent product
129,2024-01-18 02:49:00,35-44,Male,North,Product A,1,Very useful
130,2024-01-02 12:13:00,45+,Male,North,Product B,5,Not satisfied
131,2024-02-15 03:16:00,45+,Other,South,Product D,3,Highly recommended
132,2024-02-07 02:40:00,18-24,Male,East,Product A,1,Very useful
133,2024-03-07 19:52:00,18-24,Female,North,Product A,1,Not satisfied
134,2024-02-01 13:20:00,45+,Male,East,Product C,4,Very useful
135,2024-03-01 08:11:00,18-24,Male,West,Product A,1,Very useful
136,2024-02-09 14:04:00,35-44,Male,East,Product D,3,Average experience
137,2024-02-16 14:42:00,45+,Female,North,Product A,1,Average experience
138,2024-01-24 20:18:00,25-34,Male,North,Product C,5,Highly recommended
139,2024-02-02 14:06:00,35-44,Male,North,Product C,2,Highly recommended
140,2024-01-30 12:21:00,18-24,Male,South,Product A,5,Needs improvement
141,2024-02-07 04:20:00,18-24,Male,North,Product A,4,Average experience
142,2024-02-23 10:18:00,25-34,Female,West,Product D,5,Very useful
143,2024-03-20 03:59:00,18-24,Female,South,Product B,5,Not satisfied
144,2024-02-23 20:55:00,35-44,Other,East,Product D,2,Highly recommended
145,2024-02-26 03:52:00,18-24,Male,East,Product D,5,Highly recommended
146,2024-03-08 14:14:00,45+,Other,South,Product A,5,Very useful
147,2024-03-16 04:38:00,25-34,Other,East,Product A,5,Very useful
148,2024-03-26 11:18:00,35-44,Male,East,Product D,3,Excellent product
149,2024-02-03 00:16:00,25-34,Male,West,Product B,4,Highly recommended
150,2024-03-07 01:55:00,18-24,Other,West,Product B,1,Good value
151,2024-03-15 20:37:00,45+,Male,South,Product B,2,Highly recommended
152,2024-01-31 13:18:00,45+,Other,South,Product A,1,Highly recommended
153,2024-03-26 12:23:00,18-24,Female,North,Product B,5,Needs improvement
154,2024-02-05 12:31:00,35-44,Female,West,Product A,1,Not satisfied
155,2024-02-28 09:48:00,35-44,Male,North,Product C,2,Very useful
156,2024-01-13 09:45:00,25-34,Other,East,Product D,4,Very useful
157,2024-01-23 22:27:00,18-24,Female,North,Product C,4,Needs improvement
158,2024-03-27 12:17:00,45+,Male,South,Product A,5,Highly recommended
159,2024-01-19 09:29:00,18-24,Female,West,Product C,1,Needs improvement
160,2024-02-22 13:41:00,25-34,Male,East,Product D,2,Not satisfied
161,2024-02-23 08:41:00,35-44,Male,North,Product B,5,Excellent product
162,2024-02-10 01:47:00,45+,Male,North,Product D,3,Average experience
163,2024-01-17 22:54:00,25-34,Other,South,Product B,2,Good value
164,2024-02-28 12:06:00,25-34,Other,West,Product C,2,Average experience
165,2024-03-03 11:25:00,25-34,Other,North,Product D,3,Needs improvement
166,2024-02-12 12:17:00,25-34,Male,North,Product A,1,Highly recommended
167,2024-01-31 17:42:00,35-44,Female,South,Product A,1,Very useful
168,2024-01-22 00:11:00,35-44,Female,South,Product D,5,Very useful
169,2024-02-10 20:58:00,35-44,Female,North,Product A,2,Highly recommended
170,2024-02-11 17:02:00,45+,Female,North,Product B,3,Needs improvement
171,2024-01-31 21:20:00,25-34,Female,West,Product A,4,Needs improvement
172,2024-03-23 06:04:00,18-24,Other,West,Product B,3,Excellent product
173,2024-03-31 23:03:00,45+,Male,North,Product A,2,Not satisfied
174,2024-01-09 15:52:00,35-44,Male,North,Product A,3,Average experience
175,2024-03-06 13:37:00,45+,Other,North,Product B,3,Not satisfied
176,2024-03-15 03:34:00,45+,Male,South,Product C,1,Needs improvement
177,2024-02-19 19:47:00,45+,Male,East,Product D,1,Highly recommended
178,2024-01-04 03:08:00,35-44,Female,South,Product B,2,Very useful
179,2024-01-23 06:08:00,45+,Male,West,Product D,5,Highly recommended
180,2024-03-24 19:35:00,25-34,Female,South,Product B,2,Good value
181,2024-02-27 02:56:00,25-34,Male,West,Product D,2,Average experience
182,2024-03-27 15:28:00,25-34,Male,East,Product A,2,Average experience
183,2024-03-30 17:12:00,35-44,Female,East,Product A,2,Needs improvement
184,2024-03-31 21:22:00,35-44,Female,West,Product D,3,Very useful
185,2024-01-25 07:44:00,18-24,Male,East,Product D,5,Average experience
186,2024-03-22 04:13:00,35-44,Female,North,Product C,3,Needs improvement
187,2024-01-04 01:09:00,18-24,Other,West,Product A,2,Very useful
188,2024-02-06 19:23:00,35-44,Female,North,Product B,2,Good value
189,2024-02-07 14:37:00,45+,Other,South,Product D,3,Very useful
190,2024-02-17 21:36:00,18-24,Female,North,Product D,4,Excellent product
191,2024-01-29 13:04:00,25-34,Other,West,Product C,3,Needs improvement
192,2024-01-14 10:10:00,18-24,Female,East,Product D,5,Average experience
193,2024-02-26 08:55:00,35-44,Other,East,Product B,1,Not satisfied
194,2024-03-04 04:56:00,45+,Female,West,Product D,3,Good value
195,2024-02-10 14:42:00,35-44,Male,East,Product A,4,Excellent product
196,2024-03-11 05:40:00,25-34,Other,North,Product A,3,Not satisfied
197,2024-02-09 20:39:00,45+,Other,North,Product B,3,Excellent product
198,2024-01-14 19:38:00,45+,Female,West,Product C,5,Needs improvement
199,2024-03-11 16:57:00,35-44,Other,West,Product B,1,Needs improvement
200,2024-02-28 00:16:00,45+,Female,East,Product D,3,Good value
201,2024-01-20 03:36:00,35-44,Male,South,Product D,5,Good value
202,2024-01-14 13:12:00,18-24,Female,North,Product A,3,Good value
203,2024-02-23 13:55:00,45+,Male,West,Product B,3,Not satisfied
204,2024-02-19 08:36:00,18-24,Female,East,Product A,5,Not satisfied
205,2024-01-21 00:31:00,18-24,Male,South,Product A,4,Not satisfied
206,2024-03-07 09:39:00,45+,Male,West,Product B,5,Good value
207,2024-02-16 11:21:00,45+,Male,East,Product D,1,Good value
208,2024-03-03 19:10:00,35-44,Male,South,Product D,5,Needs improvement
209,2024-01-09 02:26:00,18-24,Female,West,Product A,5,Not satisfied
210,2024-01-11 03:06:00,45+,Other,East,Product B,2,Needs improvement
211,2024-01-04 19:25:00,35-44,Female,East,Product A,5,Excellent product
212,2024-02-05 04:51:00,25-34,Other,North,Product C,5,Good value
213,2024-02-11 00:19:00,35-44,Other,South,Product B,1,Good value
214,2024-02-07 01:58:00,45+,Male,North,Product B,3,Needs improvement
215,2024-01-15 23:34:00,25-34,Other,West,Product D,2,Good value
216,2024-03-03 08:29:00,18-24,Male,South,Product B,4,Very useful
217,2024-01-26 06:21:00,18-24,Other,North,Product D,5,Not satisfied
218,2024-01-02 12:04:00,35-44,Female,North,Product C,2,Needs improvement
219,2024-03-08 15:00:00,25-34,Female,South,Product D,4,Needs improvement
220,2024-03-25 18:51:00,25-34,Male,West,Product B,2,Excellent product
221,2024-03-19 14:07:00,18-24,Male,East,Product C,2,Very useful
222,2024-03-07 15:51:00,18-24,Other,West,Product C,3,Needs improvement
223,2024-02-24 06:25:00,18-24,Other,East,Product C,5,Good value
224,2024-03-21 16:09:00,45+,Female,North,Product B,5,Very useful
225,2024-03-14 11:10:00,18-24,Other,East,Product B,5,Excellent product
226,2024-01-05 02:52:00,18-24,Female,West,Product B,1,Highly recommended
227,2024-01-23 03:34:00,35-44,Female,West,Product B,4,Excellent product
228,2024-02-19 21:38:00,25-34,Other,North,Product D,2,Good value
229,2024-03-17 06:24:00,35-44,Female,East,Product C,5,Very useful
230,2024-01-11 22:32:00,45+,Other,West,Product C,1,Excellent product
231,2024-03-03 08:00:00,45+,Other,West,Product B,1,Excellent product
232,2024-03-06 16:52:00,45+,Female,South,Product C,2,Highly recommended
233,2024-02-12 08:09:00,45+,Male,North,Product D,4,Very useful
234,2024-02-10 13:56:00,35-44,Other,East,Product A,5,Good value
235,2024-02-18 15:14:00,45+,Female,West,Product D,5,Very useful
236,2024-02-24 21:56:00,35-44,Other,North,Product D,5,Good value
237,2024-03-15 01:14:00,45+,Male,South,Product A,1,Very useful
238,2024-01-04 21:28:00,35-44,Female,South,Product C,4,Needs improvement
239,2024-02-16 11:37:00,45+,Male,East,Product C,5,Not satisfied
240,2024-01-17 05:39:00,25-34,Female,South,Product C,1,Good value
241,2024-01-08 18:21:00,25-34,Female,West,Product B,1,Good value
242,2024-02-22 19:54:00,25-34,Other,East,Product C,3,Good value
243,2024-03-04 17:38:00,35-44,Other,South,Product C,1,Average experience
244,2024-02-02 07:10:00,35-44,Female,East,Product A,1,Average experience
245,2024-01-20 20:41:00,18-24,Female,West,Product C,5,Needs improvement
246,2024-03-24 10:34:00,45+,Other,West,Product C,5,Average experience
247,2024-01-10 06:39:00,35-44,Other,North,Product A,5,Average experience
248,2024-02-21 04:59:00,35-44,Male,North,Product D,3,Average experience
249,2024-02-01 16:23:00,35-44,Other,East,Product C,1,Excellent product
250,2024-02-22 16:14:00,45+,Female,South,Product B,4,Needs improvement
251,2024-03-04 08:28:00,18-24,Female,North,Product A,1,Needs improvement
252,2024-03-06 22:14:00,25-34,Other,East,Product C,4,Excellent product
253,2024-02-27 02:00:00,18-24,Female,East,Product A,5,Good value
254,2024-02-07 21:28:00,18-24,Other,South,Product A,4,Needs improvement
255,2024-02-12 05:17:00,25-34,Other,West,Product D,4,Excellent product
256,2024-01-08 14:12:00,45+,Other,North,Product B,1,Very useful
257,2024-01-17 20:10:00,35-44,Male,East,Product A,1,Average experience
258,2024-03-27 01:24:00,18-24,Female,East,Product A,5,Average experience
259,2024-01-27 01:29:00,18-24,Male,East,Product A,2,Average experience
260,2024-03-25 17:04:00,18-24,Other,South,Product A,4,Highly recommended
261,2024-01-02 09:51:00,35-44,Other,South,Product D,1,Highly recommended
262,2024-02-06 16:23:00,18-24,Female,West,Product A,1,Good value
263,2024-02-06 18:13:00,18-24,Other,West,Product C,3,Average experience
264,2024-01-23 20:31:00,25-34,Male,West,Product A,5,Highly recommended
265,2024-02-11 07:13:00,25-34,Other,North,Product C,5,Needs improvement
266,2024-01-30 03:07:00,18-24,Female,North,Product C,3,Good value
267,2024-02-05 13:11:00,25-34,Female,West,Product B,4,Excellent product
268,2024-02-14 15:40:00,18-24,Male,North,Product B,4,Good value
269,2024-02-27 14:59:00,35-44,Female,South,Product B,3,Very useful
270,2024-03-31 07:21:00,25-34,Male,West,Product A,3,Highly recommended
271,2024-03-03 19:26:00,45+,Other,East,Product D,5,Very useful
272,2024-01-17 23:20:00,18-24,Male,South,Product D,1,Not satisfied
273,2024-01-04 17:31:00,25-34,Male,East,Product B,5,Highly recommended
274,2024-02-23 11:15:00,35-44,Other,North,Product D,4,Very useful
275,2024-02-06 19:40:00,35-44,Other,West,Product B,5,Needs improvement
276,2024-02-25 03:45:00,18-24,Male,East,Product D,4,Very useful
277,2024-02-29 11:47:00,45+,Male,West,Product C,5,Good value
278,2024-02-12 11:34:00,18-24,Male,East,Product B,4,Average experience
279,2024-02-29 06:00:00,45+,Female,West,Product D,2,Excellent product
280,2024-01-05 03:10:00,35-44,Other,East,Product D,1,Average experience
281,2024-02-19 17:35:00,35-44,Female,North,Product C,5,Good value
282,2024-03-10 19:21:00,45+,Male,South,Product C,3,Not satisfied
283,2024-01-06 19:10:00,25-34,Other,North,Product C,4,Not satisfied
284,2024-02-26 06:20:00,25-34,Female,East,Product C,1,Not satisfied
285,2024-03-19 16:19:00,45+,Other,North,Product C,3,Needs improvement
286,2024-03-07 06:18:00,25-34,Male,North,Product D,3,Needs improvement
287,2024-03-17 22:09:00,35-44,Female,South,Product A,3,Needs improvement
288,2024-01-06 12:16:00,45+,Other,West,Product D,4,Highly recommended
289,2024-02-29 20:05:00,18-24,Female,West,Product B,3,Needs improvement
290,2024-02-13 22:17:00,18-24,Female,South,Product D,1,Excellent product
291,2024-02-10 13:46:00,45+,Male,North,Product C,1,Average experience
292,2024-01-18 20:44:00,25-34,Female,West,Product C,5,Excellent product
293,2024-03-24 07:49:00,35-44,Female,North,Product C,5,Very useful
294,2024-02-06 22:12:00,35-44,Other,West,Product C,3,Very useful
295,2024-02-03 11:37:00,25-34,Male,South,Product C,1,Average experience
296,2024-02-16 17:16:00,45+,Other,North,Product C,2,Very useful
297,2024-03-20 07:15:00,45+,Male,South,Product D,5,Needs improvement
298,2024-01-17 21:45:00,45+,Other,North,Product C,2,Very useful
299,2024-01-22 18:39:00,18-24,Other,South,Product B,1,Highly recommended
300,2024-01-13 21:26:00,45+,Female,West,Product A,1,Needs improvement
301,2024-02-17 05:05:00,18-24,Male,North,Product A,1,Good value
302,2024-03-12 23:53:00,18-24,Male,East,Product B,3,Very useful
303,2024-01-30 16:33:00,25-34,Male,West,Product D,5,Very useful
304,2024-03-18 14:39:00,45+,Other,North,Product A,1,Excellent product
305,2024-01-10 20:42:00,25-34,Other,East,Product D,5,Highly recommended
306,2024-01-12 14:19:00,25-34,Female,North,Product C,3,Very useful
307,2024-03-08 13:23:00,35-44,Male,North,Product B,5,Average experience
308,2024-02-09 03:00:00,35-44,Female,East,Product B,2,Very useful
309,2024-01-22 17:11:00,25-34,Male,South,Product D,4,Excellent product
310,2024-01-04 05:15:00,25-34,Other,North,Product B,3,Average experience
311,2024-01-14 02:48:00,45+,Female,East,Product D,2,Good value
312,2024-02-21 16:09:00,45+,Other,South,Product B,2,Good value
313,2024-03-11 04:24:00,18-24,Male,East,Product B,3,Highly recommended
314,2024-03-22 12:50:00,18-24,Male,West,Product B,1,Average experience
315,2024-03-13 21:38:00,45+,Male,South,Product B,3,Excellent product
316,2024-02-28 05:08:00,25-34,Other,East,Product B,2,Highly recommended
317,2024-01-12 12:47:00,18-24,Other,East,Product A,4,Good value
318,2024-01-28 07:39:00,35-44,Other,North,Product B,3,Good value
319,2024-03-11 10:53:00,35-44,Female,West,Product B,1,Highly recommended
320,2024-01-28 23:00:00,35-44,Other,East,Product C,5,Very useful
321,2024-01-12 22:48:00,45+,Other,North,Product C,1,Needs improvement
322,2024-01-21 16:21:00,25-34,Female,East,Product D,2,Average experience
323,2024-02-29 22:15:00,35-44,Other,West,Product B,3,Needs improvement
324,2024-03-23 16:07:00,18-24,Female,East,Product C,1,Highly recommended
325,2024-02-05 15:56:00,35-44,Male,North,Product D,2,Highly recommended
326,2024-01-19 17:57:00,45+,Other,South,Product B,2,Excellent product
327,2024-02-17 11:36:00,35-44,Male,North,Product A,5,Good value
328,2024-03-29 20:07:00,35-44,Female,West,Product B,3,Not satisfied
329,2024-01-02 07:08:00,18-24,Female,North,Product B,1,Not satisfied
330,2024-02-05 10:55:00,45+,Female,East,Product D,4,Not satisfied
331,2024-01-01 08:09:00,35-44,Other,East,Product A,3,Needs improvement
332,2024-02-08 14:02:00,45+,Other,West,Product C,5,Highly recommended
333,2024-02-09 14:07:00,18-24,Female,South,Product C,2,Average experience
334,2024-01-30 04:59:00,35-44,Other,North,Product A,1,Needs improvement
335,2024-01-03 05:09:00,45+,Other,North,Product B,4,Not satisfied
336,2024-01-03 16:33:00,18-24,Male,East,Product C,2,Highly recommended
337,2024-03-29 12:59:00,35-44,Female,West,Product D,3,Excellent product
338,2024-02-13 19:53:00,18-24,Female,East,Product C,2,Highly recommended
339,2024-03-19 18:30:00,18-24,Male,West,Product A,3,Excellent product
340,2024-01-03 00:24:00,35-44,Male,North,Product D,5,Good value
341,2024-02-25 21:01:00,35-44,Male,West,Product D,5,Very useful
342,2024-03-08 11:15:00,35-44,Male,North,Product B,1,Excellent product
343,2024-01-29 11:47:00,45+,Male,North,Product C,2,Average experience
344,2024-03-02 14:57:00,45+,Other,East,Product B,5,Good value
345,2024-03-18 11:11:00,18-24,Male,West,Product B,1,Highly recommended
346,2024-02-24 03:36:00,25-34,Other,West,Product B,1,Very useful
347,2024-02-16 02:51:00,45+,Other,North,Product A,4,Good value
348,2024-02-11 03:16:00,25-34,Other,South,Product C,5,Highly recommended
349,2024-01-07 16:56:00,25-34,Other,West,Product C,1,Average experience
350,2024-02-10 18:59:00,18-24,Male,North,Product A,3,Not satisfied
351,2024-01-07 07:45:00,35-44,Female,South,Product C,4,Not satisfied
352,2024-03-16 06:33:00,25-34,Male,East,Product B,3,Very useful
353,2024-01-02 02:50:00,45+,Other,West,Product B,5,Good value
354,2024-03-17 05:10:00,18-24,Male,North,Product C,2,Not satisfied
355,2024-01-30 18:13:00,35-44,Female,South,Product D,1,Excellent product
356,2024-01-26 02:28:00,45+,Other,South,Product C,2,Not satisfied
357,2024-01-24 14:45:00,18-24,Male,West,Product C,5,Not satisfied
358,2024-01-08 12:14:00,35-44,Male,West,Product D,4,Average experience
359,2024-03-20 12:27:00,18-24,Male,South,Product D,2,Average experience
360,2024-03-17 14:18:00,25-34,Other,East,Product A,3,Highly recommended
361,2024-03-14 02:58:00,25-34,Other,West,Product A,2,Good value
362,2024-03-24 18:28:00,45+,Female,West,Product C,4,Very useful
363,2024-01-06 14:18:00,25-34,Male,West,Product C,2,Highly recommended
364,2024-01-09 18:38:00,18-24,Other,East,Product C,1,Not satisfied
365,2024-03-17 12:24:00,35-44,Female,West,Product A,3,Very useful
366,2024-01-08 20:53:00,18-24,Female,North,Product B,2,Excellent product
367,2024-02-16 10:49:00,45+,Male,North,Product C,3,Needs improvement
368,2024-03-19 01:41:00,35-44,Other,West,Product B,5,Excellent product
369,2024-01-11 07:41:00,25-34,Other,North,Product B,4,Highly recommended
370,2024-03-28 10:00:00,25-34,Other,South,Product C,5,Very useful
371,2024-02-26 10:34:00,18-24,Male,West,Product C,5,Needs improvement
372,2024-02-22 03:55:00,45+,Other,North,Product B,5,Average experience
373,2024-03-13 19:55:00,45+,Female,North,Product A,5,Not satisfied
374,2024-02-11 17:58:00,35-44,Female,South,Product C,5,Very useful
375,2024-03-09 20:30:00,18-24,Male,East,Product B,1,Very useful
376,2024-01-26 07:43:00,25-34,Other,North,Product A,4,Excellent product
377,2024-03-04 21:28:00,45+,Female,West,Product C,4,Needs improvement
378,2024-01-23 11:58:00,35-44,Other,North,Product D,3,Not satisfied
379,2024-01-17 17:11:00,45+,Other,East,Product D,1,Not satisfied
380,2024-03-01 15:47:00,45+,Other,West,Product D,4,Very useful
381,2024-03-15 16:20:00,35-44,Female,East,Product B,1,Needs improvement
382,2024-02-13 18:55:00,35-44,Female,East,Product C,1,Not satisfied
383,2024-03-26 20:46:00,35-44,Female,North,Product C,1,Excellent product
384,2024-03-25 07:57:00,45+,Male,South,Product A,1,Not satisfied
385,2024-03-03 20:57:00,45+,Other,South,Product D,1,Needs improvement
386,2024-02-27 10:25:00,18-24,Female,North,Product C,3,Good value
387,2024-02-10 13:41:00,35-44,Other,North,Product D,2,Excellent product
388,2024-02-23 07:07:00,35-44,Other,West,Product D,3,Average experience
389,2024-03-14 15:26:00,35-44,Other,West,Product B,3,Highly recommended
390,2024-01-16 08:18:00,45+,Male,West,Product D,1,Good value
391,2024-03-16 15:59:00,18-24,Male,North,Product A,4,Good value
392,2024-02-21 05:10:00,45+,Female,East,Product C,3,Good value
393,2024-03-17 15:12:00,45+,Female,South,Product A,5,Excellent product
394,2024-02-19 03:50:00,35-44,Female,East,Product A,1,Excellent product
395,2024-03-20 15:34:00,35-44,Male,South,Product A,2,Very useful
396,2024-01-14 19:22:00,35-44,Other,South,Product C,4,Good value
397,2024-01-08 07:54:00,35-44,Other,West,Product C,3,Good value
398,2024-03-07 11:19:00,35-44,Male,East,Product B,3,Excellent product
399,2024-02-06 13:04:00,18-24,Female,East,Product C,4,Highly recommended
400,2024-01-06 06:20:00,18-24,Other,North,Product A,3,Needs improvement
401,2024-01-12 22:07:00,35-44,Male,North,Product D,4,Highly recommended
402,2024-03-16 07:14:00,35-44,Other,East,Product C,2,Highly recommended
403,2024-01-20 12:53:00,25-34,Other,East,Product B,4,Good value
404,2024-03-31 17:05:00,25-34,Other,South,Product A,5,Average experience
405,2024-02-28 13:20:00,35-44,Female,West,Product A,2,Good value
406,2024-03-30 09:46:00,18-24,Male,East,Product C,3,Average experience
407,2024-03-15 10:40:00,25-34,Female,North,Product C,1,Not satisfied
408,2024-03-07 02:15:00,35-44,Male,East,Product A,1,Very useful
409,2024-02-14 19:43:00,25-34,Female,South,Product A,1,Needs improvement
410,2024-02-28 04:10:00,35-44,Female,North,Product B,3,Highly recommended
411,2024-03-25 23:12:00,18-24,Other,East,Product C,1,Excellent product
412,2024-03-12 22:53:00,18-24,Male,East,Product C,4,Needs improvement
413,2024-01-16 05:44:00,18-24,Other,West,Product A,2,Average experience
414,2024-03-05 14:43:00,45+,Other,West,Product C,4,Very useful
415,2024-02-22 04:52:00,18-24,Male,South,Product C,1,Good value
416,2024-03-23 20:26:00,45+,Male,East,Product C,3,Not satisfied
417,2024-01-04 11:20:00,18-24,Other,East,Product C,5,Excellent product
418,2024-01-16 07:41:00,18-24,Other,South,Product A,4,Needs improvement
419,2024-02-03 19:59:00,18-24,Other,East,Product D,2,Average experience
420,2024-01-29 13:58:00,45+,Male,South,Product A,1,Very useful
421,2024-01-09 18:59:00,25-34,Male,West,Product B,5,Not satisfied
422,2024-03-07 18:15:00,35-44,Female,South,Product D,1,Average experience
423,2024-01-10 05:31:00,35-44,Female,East,Product A,1,Excellent product
424,2024-01-12 14:47:00,45+,Female,North,Product D,2,Not satisfied
425,2024-03-19 22:12:00,45+,Other,West,Product A,3,Needs improvement
426,2024-02-16 22:30:00,35-44,Male,East,Product D,3,Excellent product
427,2024-01-04 14:17:00,18-24,Male,West,Product D,5,Needs improvement
428,2024-02-14 14:39:00,45+,Female,West,Product C,5,Highly recommended
429,2024-01-05 14:37:00,25-34,Female,North,Product C,3,Excellent product
430,2024-01-04 13:28:00,18-24,Female,South,Product D,4,Good value
431,2024-03-01 22:41:00,45+,Female,East,Product D,2,Highly recommended
432,2024-02-22 04:18:00,45+,Female,North,Product A,2,Needs improvement
433,2024-02-15 11:21:00,45+,Other,West,Product B,4,Excellent product
434,2024-01-21 04:33:00,25-34,Other,North,Product B,1,Not satisfied
435,2024-02-28 10:30:00,25-34,Other,North,Product B,3,Very useful
436,2024-03-24 12:15:00,18-24,Other,East,Product A,2,Highly recommended
437,2024-02-06 01:29:00,35-44,Male,East,Product B,4,Excellent product
438,2024-03-30 17:30:00,45+,Male,North,Product B,4,Needs improvement
439,2024-03-03 11:17:00,18-24,Female,South,Product A,1,Good value
440,2024-03-17 18:30:00,18-24,Male,West,Product B,3,Very useful
441,2024-03-01 06:26:00,25-34,Other,East,Product B,2,Average experience
442,2024-02-22 16:08:00,35-44,Other,North,Product B,5,Average experience
443,2024-02-28 11:22:00,35-44,Male,South,Product A,1,Excellent product
444,2024-02-02 18:30:00,45+,Other,East,Product D,4,Average experience
445,2024-01-30 21:28:00,35-44,Male,West,Product B,1,Very useful
446,2024-03-27 00:58:00,35-44,Other,South,Product A,1,Very useful
447,2024-01-07 00:42:00,45+,Male,West,Product B,4,Average experience
448,2024-03-04 05:15:00,35-44,Other,East,Product D,2,Average experience
449,2024-02-20 17:07:00,45+,Other,West,Product D,4,Very useful
450,2024-02-12 23:13:00,35-44,Other,West,Product A,4,Excellent product
451,2024-01-27 00:28:00,45+,Other,South,Product C,2,Average experience
452,2024-02-21 17:19:00,35-44,Female,East,Product A,2,Very useful
453,2024-01-03 05:10:00,45+,Other,East,Product A,5,Good value
454,2024-02-23 10:15:00,35-44,Other,West,Product C,2,Excellent product
455,2024-02-22 17:19:00,35-44,Female,North,Product A,2,Excellent product
456,2024-01-26 15:08:00,18-24,Male,North,Product A,2,Very useful
457,2024-02-11 17:28:00,35-44,Male,East,Product B,2,Average experience
458,2024-03-11 20:13:00,35-44,Other,South,Product B,2,Average experience
459,2024-01-25 10:17:00,18-24,Male,North,Product D,3,Good value
460,2024-01-26 01:07:00,35-44,Other,North,Product C,5,Good value
461,2024-03-14 12:36:00,45+,Other,North,Product A,1,Not satisfied
462,2024-02-12 04:17:00,25-34,Other,West,Product A,5,Needs improvement
463,2024-01-27 17:37:00,35-44,Other,West,Product D,2,Average experience
464,2024-02-20 02:28:00,25-34,Female,East,Product B,3,Very useful
465,2024-01-06 11:40:00,25-34,Female,West,Product D,5,Excellent product
466,2024-01-18 09:45:00,25-34,Female,North,Product B,3,Average experience
467,2024-02-22 21:54:00,25-34,Male,East,Product C,1,Highly recommended
468,2024-03-27 01:38:00,35-44,Female,East,Product C,1,Not satisfied
469,2024-01-09 09:04:00,18-24,Male,South,Product B,1,Needs improvement
470,2024-03-10 06:43:00,18-24,Female,South,Product C,3,Excellent product
471,2024-01-21 10:36:00,45+,Other,West,Product A,3,Excellent product
472,2024-01-15 17:28:00,18-24,Other,South,Product A,4,Needs improvement
473,2024-03-02 19:51:00,18-24,Female,South,Product B,3,Average experience
474,2024-01-15 18:49:00,25-34,Male,West,Product A,3,Highly recommended
475,2024-02-29 06:51:00,18-24,Female,West,Product B,5,Good value
476,2024-02-02 00:57:00,45+,Male,West,Product A,1,Highly recommended
477,2024-03-20 03:56:00,25-34,Female,South,Product C,4,Very useful
478,2024-02-06 09:22:00,45+,Other,West,Product D,5,Good value
479,2024-01-25 05:11:00,18-24,Male,North,Product C,1,Not satisfied
480,2024-01-06 19:34:00,35-44,Other,North,Product D,4,Needs improvement
481,2024-01-11 21:24:00,35-44,Other,South,Product D,1,Average experience
482,2024-02-22 08:24:00,35-44,Other,West,Product A,1,Not satisfied
483,2024-02-18 20:16:00,25-34,Male,North,Product C,5,Average experience
484,2024-02-12 01:05:00,18-24,Female,East,Product C,3,Not satisfied
485,2024-02-15 08:39:00,45+,Female,East,Product B,2,Highly recommended
486,2024-02-17 02:02:00,18-24,Other,North,Product D,5,Excellent product
487,2024-02-10 09:05:00,18-24,Female,South,Product B,2,Average experience
488,2024-02-05 17:00:00,18-24,Male,South,Product A,5,Highly recommended
489,2024-01-13 10:38:00,18-24,Other,South,Product A,2,Average experience
490,2024-03-13 20:46:00,25-34,Male,South,Product A,1,Needs improvement
491,2024-01-19 11:00:00,25-34,Other,South,Product A,2,Excellent product
492,2024-03-09 18:01:00,45+,Other,South,Product B,1,Needs improvement
493,2024-02-02 23:11:00,25-34,Male,West,Product B,1,Very useful
494,2024-03-22 11:40:00,45+,Male,North,Product D,4,Needs improvement
495,2024-01-19 01:39:00,25-34,Other,East,Product B,1,Good value
496,2024-01-07 02:18:00,35-44,Other,East,Product D,1,Average experience
497,2024-03-19 08:44:00,35-44,Female,East,Product A,3,Very useful
498,2024-03-11 10:28:00,18-24,Male,West,Product A,5,Not satisfied
499,2024-02-26 15:41:00,18-24,Male,North,Product B,2,Not satisfied
500,2024-01-14 12:49:00,18-24,Other,East,Product A,2,Not satisfied
501,2024-01-08 05:21:00,35-44,Other,North,Product C,4,Highly recommended
502,2024-03-01 15:44:00,25-34,Other,South,Product A,1,Not satisfied
503,2024-03-15 22:56:00,18-24,Other,West,Product A,3,Not satisfied
504,2024-03-31 09:20:00,35-44,Female,South,Product A,3,Good value
505,2024-01-27 13:57:00,35-44,Male,East,Product C,3,Highly recommended
506,2024-01-04 17:14:00,18-24,Male,North,Product A,5,Very useful
507,2024-01-30 03:02:00,25-34,Female,North,Product A,3,Average experience
508,2024-03-06 04:00:00,35-44,Male,North,Product A,1,Needs improvement
509,2024-03-15 07:26:00,18-24,Male,North,Product D,4,Highly recommended
510,2024-03-06 15:48:00,18-24,Male,North,Product A,5,Very useful
511,2024-02-14 16:07:00,18-24,Other,East,Product A,1,Excellent product
512,2024-03-09 12:54:00,35-44,Female,East,Product B,4,Not satisfied
513,2024-03-30 05:32:00,25-34,Other,South,Product C,5,Excellent product
514,2024-02-26 22:24:00,45+,Other,East,Product B,4,Highly recommended
515,2024-02-27 05:15:00,18-24,Other,West,Product B,4,Average experience
516,2024-03-02 08:36:00,35-44,Other,West,Product D,1,Good value
517,2024-02-16 00:00:00,18-24,Male,North,Product A,2,Average experience
518,2024-03-23 08:46:00,25-34,Female,East,Product A,2,Highly recommended
519,2024-01-12 21:17:00,25-34,Female,South,Product A,3,Needs improvement
520,2024-02-25 00:28:00,35-44,Other,South,Product B,4,Highly recommended
521,2024-03-17 13:49:00,25-34,Other,South,Product C,2,Needs improvement
522,2024-02-11 15:48:00,45+,Female,West,Product B,4,Average experience
523,2024-01-03 17:07:00,18-24,Other,East,Product B,5,Excellent product
524,2024-03-23 05:04:00,35-44,Female,South,Product C,1,Needs improvement
525,2024-03-03 04:43:00,45+,Male,South,Product B,5,Not satisfied
526,2024-01-09 22:08:00,25-34,Other,South,Product D,1,Very useful
527,2024-01-20 03:23:00,18-24,Female,North,Product C,4,Very useful
528,2024-03-13 18:24:00,25-34,Male,East,Product D,2,Average experience
529,2024-01-02 15:47:00,35-44,Other,South,Product C,3,Highly recommended
530,2024-02-07 17:31:00,35-44,Male,North,Product A,1,Very useful
531,2024-03-11 01:48:00,45+,Female,East,Product B,4,Needs improvement
532,2024-03-09 19:51:00,35-44,Female,West,Product A,5,Very useful
533,2024-01-26 22:25:00,35-44,Male,South,Product C,3,Highly recommended
534,2024-02-03 04:12:00,25-34,Male,West,Product C,5,Good value
535,2024-01-20 05:34:00,45+,Other,West,Product B,4,Average experience
536,2024-03-20 15:55:00,18-24,Female,East,Product A,2,Very useful
537,2024-03-09 22:01:00,45+,Female,South,Product A,1,Excellent product
538,2024-01-03 11:50:00,35-44,Male,East,Product C,4,Average experience
539,2024-03-03 21:00:00,18-24,Other,West,Product D,3,Excellent product
540,2024-02-21 08:52:00,45+,Other,South,Product D,4,Highly recommended
541,2024-01-07 11:58:00,35-44,Other,West,Product D,2,Highly recommended
542,2024-02-24 18:47:00,25-34,Female,West,Product A,4,Average experience
543,2024-01-22 18:54:00,35-44,Other,North,Product C,3,Very useful
544,2024-02-13 15:43:00,18-24,Female,South,Product D,3,Needs improvement
545,2024-02-04 16:49:00,25-34,Male,West,Product C,4,Excellent product
546,2024-01-05 15:10:00,25-34,Other,West,Product C,5,Good value
547,2024-02-04 10:25:00,35-44,Other,East,Product B,2,Excellent product
548,2024-02-27 15:16:00,18-24,Other,North,Product D,4,Average experience
549,2024-02-20 01:05:00,18-24,Male,North,Product A,5,Excellent product
550,2024-01-15 10:43:00,18-24,Other,North,Product D,3,Needs improvement
551,2024-03-02 06:24:00,25-34,Other,West,Product C,1,Very useful
552,2024-01-15 21:16:00,45+,Male,South,Product D,1,Excellent product
553,2024-01-09 10:23:00,18-24,Male,South,Product B,4,Very useful
554,2024-02-25 12:56:00,45+,Other,East,Product A,1,Needs improvement
555,2024-03-28 04:38:00,18-24,Other,South,Product C,4,Highly recommended
556,2024-02-24 05:45:00,35-44,Other,West,Product A,4,Average experience
557,2024-02-19 04:36:00,45+,Other,West,Product B,5,Excellent product
558,2024-03-15 08:23:00,45+,Male,North,Product D,4,Highly recommended
559,2024-03-04 07:00:00,35-44,Other,East,Product C,2,Average experience
560,2024-02-08 07:26:00,35-44,Female,South,Product A,5,Highly recommended
561,2024-02-04 16:15:00,45+,Other,East,Product C,1,Excellent product
562,2024-02-05 11:10:00,18-24,Female,South,Product A,4,Very useful
563,2024-02-02 05:51:00,35-44,Female,North,Product B,1,Very useful
564,2024-02-13 18:33:00,35-44,Other,West,Product B,4,Average experience
565,2024-01-04 23:19:00,25-34,Female,West,Product D,2,Good value
566,2024-03-15 21:25:00,18-24,Male,West,Product C,3,Highly recommended
567,2024-01-28 13:50:00,45+,Female,South,Product D,5,Good value
568,2024-03-31 18:07:00,25-34,Other,East,Product D,1,Average experience
569,2024-01-30 01:41:00,45+,Female,East,Product D,4,Highly recommended
570,2024-03-03 08:36:00,18-24,Female,East,Product C,4,Not satisfied
571,2024-02-12 00:38:00,25-34,Other,West,Product A,2,Average experience
572,2024-03-23 15:30:00,45+,Male,East,Product C,5,Not satisfied
573,2024-01-08 00:02:00,18-24,Male,East,Product A,3,Very useful
574,2024-03-16 11:01:00,18-24,Female,East,Product C,5,Very useful
575,2024-02-17 16:08:00,18-24,Female,South,Product B,2,Average experience
576,2024-02-25 04:24:00,45+,Other,West,Product A,4,Not satisfied
577,2024-01-10 19:54:00,45+,Other,West,Product B,4,Very useful
578,2024-01-23 14:18:00,25-34,Male,North,Product B,5,Excellent product
579,2024-01-26 18:24:00,35-44,Other,North,Product C,1,Not satisfied
580,2024-02-20 04:22:00,18-24,Other,East,Product D,4,Average experience
581,2024-03-20 14:14:00,45+,Other,North,Product C,3,Very useful
582,2024-02-18 04:36:00,35-44,Other,East,Product B,5,Highly recommended
583,2024-02-15 11:58:00,25-34,Female,South,Product C,5,Excellent product
584,2024-03-21 15:05:00,18-24,Male,North,Product B,1,Good value
585,2024-03-16 03:11:00,18-24,Female,South,Product C,2,Very useful
586,2024-02-04 04:37:00,25-34,Male,East,Product D,1,Highly recommended
587,2024-02-21 19:49:00,18-24,Other,West,Product C,3,Excellent product
588,2024-02-28 00:57:00,35-44,Female,North,Product B,2,Very useful
589,2024-03-22 13:58:00,45+,Male,North,Product B,5,Not satisfied
590,2024-02-13 21:18:00,35-44,Male,West,Product D,2,Good value
591,2024-01-04 13:47:00,35-44,Female,West,Product C,5,Good value
592,2024-02-17 19:30:00,45+,Female,North,Product A,5,Good value
593,2024-02-29 21:39:00,25-34,Female,South,Product D,3,Excellent product
594,2024-03-30 20:08:00,45+,Other,South,Product B,1,Highly recommended
595,2024-03-21 10:36:00,45+,Other,East,Product C,2,Highly recommended
596,2024-03-16 18:35:00,45+,Male,North,Product C,5,Very useful
597,2024-01-22 15:39:00,35-44,Other,North,Product C,1,Needs improvement
598,2024-01-16 20:04:00,18-24,Male,West,Product A,4,Not satisfied
599,2024-03-25 05:05:00,18-24,Male,East,Product B,3,Average experience
600,2024-01-19 06:03:00,25-34,Male,East,Product C,2,Highly recommended
601,2024-03-14 12:04:00,25-34,Male,North,Product A,4,Not satisfied
602,2024-02-15 14:30:00,35-44,Other,South,Product B,3,Very useful
603,2024-01-15 15:43:00,35-44,Male,West,Product A,3,Average experience
604,2024-01-06 07:30:00,25-34,Male,East,Product A,3,Needs improvement
605,2024-01-11 08:40:00,18-24,Other,East,Product B,2,Needs improvement
606,2024-02-25 00:27:00,18-24,Female,East,Product B,2,Very useful
607,2024-03-05 14:38:00,18-24,Male,West,Product A,5,Needs improvement
608,2024-01-24 20:34:00,35-44,Female,South,Product A,4,Not satisfied
609,2024-01-09 03:07:00,35-44,Male,South,Product A,4,Average experience
610,2024-01-19 16:47:00,25-34,Male,South,Product B,1,Not satisfied
611,2024-01-07 05:38:00,18-24,Female,West,Product B,4,Average experience
612,2024-03-25 10:32:00,25-34,Male,South,Product A,2,Average experience
613,2024-01-24 19:08:00,35-44,Male,West,Product D,3,Highly recommended
614,2024-01-17 11:39:00,35-44,Male,West,Product B,5,Excellent product
615,2024-03-28 12:39:00,35-44,Other,East,Product B,4,Highly recommended
616,2024-03-10 19:16:00,35-44,Other,West,Product D,2,Not satisfied
617,2024-03-28 01:26:00,35-44,Other,North,Product A,5,Highly recommended
618,2024-03-29 22:20:00,25-34,Female,West,Product B,2,Very useful
619,2024-02-23 18:53:00,25-34,Male,East,Product A,5,Highly recommended
620,2024-02-11 13:13:00,35-44,Female,East,Product C,4,Excellent product
621,2024-01-09 17:35:00,18-24,Other,South,Product A,2,Very useful
622,2024-02-10 05:43:00,18-24,Female,South,Product A,2,Excellent product
623,2024-01-12 23:44:00,25-34,Other,South,Product C,4,Highly recommended
624,2024-02-16 19:20:00,35-44,Female,North,Product B,2,Highly recommended
625,2024-01-09 06:57:00,25-34,Female,East,Product C,2,Average experience
626,2024-02-29 11:05:00,25-34,Male,North,Product C,3,Average experience
627,2024-02-05 10:27:00,35-44,Male,West,Product B,2,Needs improvement
628,2024-03-30 22:35:00,35-44,Other,South,Product B,2,Not satisfied
629,2024-01-24 19:02:00,18-24,Other,East,Product A,3,Highly recommended
630,2024-01-15 22:58:00,35-44,Female,North,Product A,4,Highly recommended
631,2024-01-12 03:44:00,25-34,Other,East,Product C,4,Not satisfied
632,2024-03-06 04:49:00,18-24,Female,North,Product D,1,Average experience
633,2024-03-01 09:08:00,45+,Female,South,Product A,3,Very useful
634,2024-01-21 05:02:00,25-34,Other,North,Product C,3,Average experience
635,2024-02-29 08:38:00,45+,Female,East,Product A,3,Excellent product
636,2024-01-31 02:34:00,35-44,Male,West,Product C,5,Needs improvement
637,2024-02-29 12:52:00,35-44,Male,East,Product B,2,Highly recommended
638,2024-03-28 12:38:00,25-34,Male,North,Product B,4,Needs improvement
639,2024-02-06 16:11:00,45+,Male,North,Product D,4,Average experience
640,2024-01-22 10:09:00,25-34,Male,West,Product B,2,Needs improvement
641,2024-03-29 05:14:00,18-24,Female,East,Product A,1,Highly recommended
642,2024-02-19 01:12:00,35-44,Male,East,Product D,1,Excellent product
643,2024-02-26 09:45:00,45+,Other,West,Product D,2,Excellent product
644,2024-02-20 15:26:00,45+,Male,West,Product C,2,Highly recommended
645,2024-03-01 23:37:00,35-44,Male,South,Product A,4,Very useful
646,2024-02-23 17:23:00,18-24,Other,South,Product C,4,Not satisfied
647,2024-01-09 08:58:00,35-44,Female,West,Product D,1,Needs improvement
648,2024-03-07 23:12:00,45+,Male,West,Product D,3,Needs improvement
649,2024-01-09 15:33:00,35-44,Male,West,Product D,4,Highly recommended
650,2024-02-05 22:07:00,18-24,Male,West,Product B,1,Excellent product
651,2024-02-27 14:53:00,25-34,Other,South,Product C,5,Needs improvement
652,2024-02-29 11:45:00,45+,Female,East,Product C,4,Good value
653,2024-01-21 03:13:00,35-44,Female,South,Product B,4,Not satisfied
654,2024-02-22 18:39:00,35-44,Other,East,Product C,1,Good value
655,2024-01-26 15:43:00,25-34,Male,East,Product B,4,Not satisfied
656,2024-01-28 04:07:00,25-34,Male,South,Product A,3,Good value
657,2024-01-26 03:33:00,45+,Other,West,Product A,4,Not satisfied
658,2024-03-31 10:47:00,45+,Other,East,Product B,1,Needs improvement
659,2024-01-09 20:05:00,25-34,Male,South,Product D,5,Highly recommended
660,2024-01-08 01:09:00,18-24,Other,West,Product A,2,Highly recommended
661,2024-01-18 02:28:00,45+,Other,West,Product C,2,Needs improvement
662,2024-01-30 18:00:00,25-34,Female,North,Product D,4,Not satisfied
663,2024-03-21 12:21:00,18-24,Other,West,Product A,1,Excellent product
664,2024-01-17 20:09:00,25-34,Male,West,Product A,4,Needs improvement
665,2024-03-11 00:18:00,25-34,Other,North,Product D,2,Highly recommended
666,2024-03-20 14:58:00,18-24,Female,South,Product A,5,Highly recommended
667,2024-03-19 22:59:00,25-34,Other,West,Product D,4,Needs improvement
668,2024-01-28 06:16:00,45+,Female,West,Product D,5,Very useful
669,2024-02-05 18:08:00,25-34,Other,East,Product D,1,Excellent product
670,2024-01-15 03:39:00,18-24,Female,South,Product C,4,Excellent product
671,2024-03-31 07:09:00,18-24,Male,South,Product D,3,Excellent product
672,2024-02-01 07:05:00,45+,Female,South,Product D,4,Needs improvement
673,2024-03-30 17:39:00,35-44,Female,South,Product B,3,Excellent product
674,2024-01-23 00:08:00,45+,Male,South,Product D,1,Good value
675,2024-02-09 03:31:00,25-34,Male,South,Product D,5,Needs improvement
676,2024-01-04 05:30:00,45+,Male,East,Product B,2,Very useful
677,2024-03-01 16:01:00,25-34,Female,North,Product A,3,Needs improvement
678,2024-01-26 19:50:00,45+,Male,South,Product A,1,Very useful
679,2024-02-03 09:21:00,18-24,Other,South,Product C,2,Needs improvement
680,2024-03-25 23:16:00,18-24,Female,North,Product B,3,Highly recommended
681,2024-01-11 07:09:00,35-44,Other,East,Product A,3,Not satisfied
682,2024-01-08 13:19:00,45+,Male,West,Product A,4,Good value
683,2024-02-10 04:26:00,45+,Other,North,Product D,4,Excellent product
684,2024-03-09 10:11:00,25-34,Female,East,Product B,4,Good value
685,2024-01-14 19:41:00,35-44,Female,South,Product A,1,Not satisfied
686,2024-02-28 13:05:00,18-24,Female,West,Product B,5,Good value
687,2024-01-03 03:04:00,35-44,Male,West,Product C,5,Needs improvement
688,2024-01-14 23:27:00,18-24,Female,East,Product A,3,Not satisfied
689,2024-03-20 20:49:00,18-24,Other,South,Product D,1,Average experience
690,2024-03-10 06:57:00,45+,Other,North,Product C,3,Very useful
691,2024-01-24 16:43:00,35-44,Male,East,Product B,5,Good value
692,2024-01-13 12:34:00,25-34,Other,South,Product A,5,Very useful
693,2024-03-29 18:13:00,35-44,Other,West,Product B,1,Needs improvement
694,2024-02-23 23:21:00,18-24,Male,South,Product B,5,Not satisfied
695,2024-01-12 09:11:00,45+,Female,East,Product A,4,Average experience
696,2024-03-27 14:00:00,18-24,Male,East,Product D,1,Good value
697,2024-01-30 15:40:00,45+,Male,North,Product B,3,Not satisfied
698,2024-03-19 11:05:00,35-44,Other,South,Product A,4,Needs improvement
699,2024-01-06 02:40:00,45+,Male,North,Product C,1,Average experience
700,2024-01-30 11:35:00,18-24,Male,South,Product D,4,Highly recommended
701,2024-01-02 23:08:00,18-24,Female,East,Product C,3,Average experience
702,2024-02-02 08:14:00,25-34,Female,South,Product D,3,Needs improvement
703,2024-03-07 13:12:00,35-44,Male,South,Product D,2,Needs improvement
704,2024-02-08 05:55:00,45+,Female,East,Product C,1,Not satisfied
705,2024-03-04 17:40:00,45+,Male,West,Product D,1,Good value
706,2024-03-24 22:31:00,35-44,Male,West,Product D,2,Highly recommended
707,2024-02-22 20:25:00,18-24,Male,East,Product B,3,Good value
708,2024-03-29 15:38:00,45+,Female,East,Product C,2,Not satisfied
709,2024-01-10 20:27:00,45+,Female,West,Product C,2,Average experience
710,2024-01-19 17:16:00,18-24,Female,West,Product C,1,Good value
711,2024-02-01 09:50:00,25-34,Female,East,Product D,5,Average experience
712,2024-02-03 07:03:00,18-24,Male,South,Product A,3,Needs improvement
713,2024-03-26 09:17:00,25-34,Male,West,Product B,3,Very useful
714,2024-01-09 06:17:00,35-44,Other,South,Product C,4,Very useful
715,2024-01-19 21:05:00,18-24,Female,West,Product C,1,Not satisfied
716,2024-02-24 05:31:00,45+,Male,East,Product D,4,Very useful
717,2024-02-03 10:02:00,18-24,Other,West,Product A,4,Good value
718,2024-02-23 16:08:00,25-34,Male,South,Product C,3,Good value
719,2024-01-10 08:43:00,35-44,Female,North,Product C,3,Not satisfied
720,2024-02-05 08:21:00,45+,Female,South,Product A,3,Needs improvement
721,2024-03-29 16:58:00,35-44,Female,North,Product D,3,Very useful
722,2024-01-23 16:58:00,18-24,Male,North,Product D,5,Not satisfied
723,2024-01-31 00:23:00,25-34,Female,East,Product B,5,Not satisfied
724,2024-02-29 23:24:00,45+,Other,North,Product B,1,Average experience
725,2024-01-07 03:41:00,18-24,Other,North,Product D,5,Excellent product
726,2024-01-01 11:25:00,35-44,Male,East,Product D,1,Highly recommended
727,2024-01-20 20:27:00,18-24,Female,South,Product D,1,Excellent product
728,2024-03-10 05:09:00,25-34,Female,North,Product D,5,Very useful
729,2024-02-04 20:49:00,35-44,Other,North,Product D,5,Excellent product
730,2024-01-16 13:57:00,18-24,Female,South,Product C,3,Good value
731,2024-01-17 17:50:00,18-24,Other,West,Product A,2,Highly recommended
732,2024-03-19 03:50:00,35-44,Female,West,Product C,5,Needs improvement
733,2024-03-14 19:38:00,25-34,Other,West,Product D,3,Needs improvement
734,2024-03-21 09:35:00,35-44,Other,West,Product B,2,Good value
735,2024-01-08 21:18:00,25-34,Female,South,Product B,2,Not satisfied
736,2024-01-08 07:47:00,45+,Other,South,Product A,2,Very useful
737,2024-01-10 04:21:00,45+,Other,North,Product A,3,Excellent product
738,2024-03-01 04:30:00,45+,Male,East,Product C,1,Average experience
739,2024-03-08 18:12:00,18-24,Male,South,Product D,1,Excellent product
740,2024-03-19 06:32:00,18-24,Other,South,Product A,2,Good value
741,2024-01-29 15:09:00,25-34,Other,North,Product D,4,Good value
742,2024-03-08 21:58:00,18-24,Female,North,Product C,1,Needs improvement
743,2024-01-22 05:12:00,45+,Other,East,Product B,5,Needs improvement
744,2024-03-01 20:31:00,25-34,Male,West,Product A,5,Excellent product
745,2024-03-22 21:54:00,25-34,Male,West,Product A,1,Average experience
746,2024-03-08 17:13:00,35-44,Other,East,Product A,2,Needs improvement
747,2024-01-14 12:44:00,45+,Male,West,Product C,3,Excellent product
748,2024-03-12 03:38:00,45+,Male,South,Product C,1,Not satisfied
749,2024-01-28 17:18:00,18-24,Other,South,Product B,3,Average experience
750,2024-03-24 10:54:00,35-44,Male,West,Product B,5,Average experience
751,2024-01-18 07:05:00,45+,Female,East,Product A,5,Not satisfied
752,2024-02-14 12:48:00,35-44,Female,East,Product D,5,Average experience
753,2024-02-23 14:59:00,45+,Male,North,Product C,3,Excellent product
754,2024-03-01 11:37:00,45+,Male,North,Product B,2,Good value
755,2024-01-16 22:51:00,18-24,Male,North,Product A,5,Very useful
756,2024-01-27 22:14:00,18-24,Other,North,Product D,3,Not satisfied
757,2024-02-07 06:20:00,35-44,Other,West,Product D,4,Needs improvement
758,2024-03-02 12:13:00,25-34,Other,West,Product B,2,Average experience
759,2024-01-19 11:57:00,35-44,Other,West,Product A,1,Highly recommended
760,2024-01-24 23:51:00,45+,Other,South,Product A,4,Highly recommended
761,2024-02-25 04:34:00,45+,Other,North,Product A,1,Highly recommended
762,2024-03-09 03:16:00,25-34,Male,West,Product A,3,Good value
763,2024-03-06 05:19:00,25-34,Female,South,Product A,5,Average experience
764,2024-01-16 05:23:00,18-24,Other,South,Product C,3,Excellent product
765,2024-02-06 02:00:00,45+,Male,East,Product C,3,Highly recommended
766,2024-03-09 12:57:00,25-34,Female,South,Product D,1,Good value
767,2024-01-31 15:41:00,35-44,Other,North,Product A,5,Highly recommended
768,2024-03-04 12:24:00,35-44,Female,North,Product C,5,Highly recommended
769,2024-02-16 22:34:00,35-44,Male,East,Product C,5,Very useful
770,2024-03-31 01:04:00,25-34,Female,South,Product B,5,Needs improvement
771,2024-03-07 16:17:00,18-24,Other,East,Product D,1,Very useful
772,2024-03-07 02:14:00,25-34,Female,South,Product A,2,Good value
773,2024-03-29 11:20:00,18-24,Male,North,Product D,5,Good value
774,2024-03-12 17:53:00,45+,Male,South,Product A,1,Highly recommended
775,2024-01-26 00:28:00,45+,Other,West,Product A,5,Very useful
776,2024-02-09 22:55:00,25-34,Male,North,Product B,1,Highly recommended
777,2024-03-26 17:22:00,45+,Other,South,Product A,5,Needs improvement
778,2024-02-28 00:42:00,18-24,Other,North,Product B,4,Not satisfied
779,2024-03-16 09:28:00,45+,Male,South,Product B,2,Average experience
780,2024-01-25 18:13:00,35-44,Other,South,Product C,5,Highly recommended
781,2024-03-25 10:59:00,25-34,Other,North,Product D,5,Not satisfied
782,2024-03-05 15:30:00,25-34,Female,North,Product B,5,Good value
783,2024-01-11 02:29:00,35-44,Female,East,Product D,2,Excellent product
784,2024-02-25 11:02:00,25-34,Other,East,Product A,1,Needs improvement
785,2024-02-13 13:31:00,25-34,Male,North,Product A,3,Highly recommended
786,2024-02-10 20:19:00,35-44,Male,North,Product B,1,Very useful
787,2024-01-08 05:59:00,25-34,Male,East,Product B,2,Highly recommended
788,2024-03-17 17:26:00,35-44,Male,West,Product C,5,Very useful
789,2024-03-05 14:24:00,35-44,Other,South,Product B,4,Needs improvement
790,2024-02-26 21:20:00,25-34,Female,North,Product D,4,Not satisfied
791,2024-02-20 02:50:00,45+,Female,East,Product C,4,Not satisfied
792,2024-01-04 05:58:00,45+,Female,East,Product D,4,Good value
793,2024-02-11 09:11:00,25-34,Male,North,Product B,2,Not satisfied
794,2024-01-25 05:34:00,18-24,Female,North,Product C,4,Highly recommended
795,2024-01-20 23:27:00,18-24,Other,East,Product B,4,Needs improvement
796,2024-01-25 04:39:00,35-44,Male,East,Product D,5,Average experience
797,2024-01-20 10:24:00,25-34,Male,East,Product C,4,Not satisfied
798,2024-02-19 20:15:00,18-24,Female,East,Product A,4,Good value
799,2024-01-11 21:14:00,45+,Female,West,Product D,4,Very useful
800,2024-02-08 23:29:00,35-44,Male,West,Product B,1,Average experience
801,2024-01-29 08:19:00,45+,Female,West,Product B,3,Average experience
802,2024-02-20 13:06:00,25-34,Other,South,Product A,3,Average experience
803,2024-02-05 08:21:00,35-44,Male,East,Product C,3,Very useful
804,2024-03-12 20:04:00,35-44,Male,West,Product C,3,Very useful
805,2024-03-31 19:30:00,25-34,Male,West,Product C,5,Average experience
806,2024-02-16 02:17:00,35-44,Other,North,Product A,5,Good value
807,2024-03-06 13:06:00,25-34,Male,West,Product D,2,Needs improvement
808,2024-02-07 18:41:00,18-24,Female,South,Product B,4,Very useful
809,2024-02-24 09:02:00,18-24,Female,West,Product A,4,Excellent product
810,2024-01-03 18:53:00,25-34,Female,East,Product B,2,Highly recommended
811,2024-01-21 04:13:00,35-44,Male,West,Product B,1,Average experience
812,2024-02-16 18:11:00,35-44,Other,West,Product C,1,Highly recommended
813,2024-02-20 02:11:00,45+,Female,East,Product B,4,Not satisfied
814,2024-02-16 18:36:00,18-24,Other,East,Product C,5,Good value
815,2024-01-27 15:34:00,35-44,Male,South,Product B,5,Highly recommended
816,2024-03-16 18:36:00,25-34,Female,South,Product D,3,Excellent product
817,2024-03-09 17:59:00,25-34,Female,South,Product D,1,Excellent product
818,2024-03-07 23:38:00,18-24,Male,West,Product D,2,Excellent product
819,2024-01-17 01:02:00,45+,Female,South,Product A,4,Very useful
820,2024-03-26 11:21:00,45+,Female,East,Product A,4,Average experience
821,2024-03-23 15:20:00,35-44,Other,South,Product A,2,Not satisfied
822,2024-03-15 23:26:00,45+,Other,North,Product B,4,Good value
823,2024-02-01 12:17:00,25-34,Male,North,Product D,1,Needs improvement
824,2024-01-02 13:35:00,45+,Female,South,Product B,2,Highly recommended
825,2024-03-19 18:25:00,35-44,Male,South,Product B,2,Very useful
826,2024-02-16 10:08:00,25-34,Female,East,Product C,2,Needs improvement
827,2024-02-20 04:24:00,35-44,Male,North,Product D,2,Not satisfied
828,2024-02-10 01:13:00,45+,Male,West,Product B,3,Excellent product
829,2024-02-03 07:44:00,25-34,Other,South,Product C,1,Excellent product
830,2024-02-01 01:02:00,18-24,Male,East,Product D,2,Highly recommended
831,2024-01-30 08:06:00,25-34,Other,North,Product C,2,Highly recommended
832,2024-01-02 08:56:00,25-34,Female,West,Product C,1,Good value
833,2024-01-06 22:24:00,18-24,Other,East,Product C,2,Good value
834,2024-03-27 02:23:00,25-34,Male,West,Product D,3,Excellent product
835,2024-02-20 07:52:00,45+,Other,East,Product A,5,Good value
836,2024-03-20 05:24:00,25-34,Other,South,Product D,4,Not satisfied
837,2024-03-26 23:47:00,35-44,Female,South,Product C,1,Needs improvement
838,2024-01-31 23:28:00,35-44,Female,East,Product D,5,Excellent product
839,2024-03-23 21:45:00,35-44,Male,South,Product C,1,Excellent product
840,2024-01-23 19:09:00,25-34,Female,North,Product D,3,Excellent product
841,2024-01-19 14:02:00,18-24,Female,West,Product C,3,Excellent product
842,2024-01-04 19:50:00,45+,Female,South,Product A,2,Highly recommended
843,2024-03-26 04:13:00,25-34,Other,East,Product A,2,Excellent product
844,2024-01-19 18:44:00,45+,Female,South,Product D,1,Not satisfied
845,2024-02-29 07:05:00,25-34,Other,East,Product C,3,Very useful
846,2024-02-26 17:17:00,45+,Male,West,Product B,2,Not satisfied
847,2024-02-08 12:03:00,35-44,Female,East,Product D,3,Not satisfied
848,2024-01-06 02:04:00,25-34,Male,West,Product D,2,Needs improvement
849,2024-03-31 07:03:00,45+,Female,East,Product D,3,Very useful
850,2024-02-13 01:51:00,35-44,Female,East,Product C,3,Excellent product
851,2024-01-11 11:22:00,18-24,Female,North,Product B,1,Not satisfied
852,2024-02-22 17:41:00,35-44,Male,South,Product B,2,Highly recommended
853,2024-03-04 07:46:00,18-24,Male,West,Product A,1,Not satisfied
854,2024-02-07 14:54:00,35-44,Other,East,Product C,3,Needs improvement
855,2024-03-01 14:14:00,25-34,Other,North,Product C,3,Very useful
856,2024-03-06 12:26:00,35-44,Female,West,Product D,5,Average experience
857,2024-01-31 04:01:00,25-34,Female,North,Product D,1,Needs improvement
858,2024-03-06 23:34:00,45+,Male,North,Product C,1,Excellent product
859,2024-01-11 03:33:00,45+,Female,North,Product D,2,Average experience
860,2024-03-30 11:47:00,35-44,Female,West,Product A,3,Good value
861,2024-01-24 21:48:00,18-24,Other,North,Product C,4,Highly recommended
862,2024-01-04 11:26:00,45+,Male,North,Product C,4,Needs improvement
863,2024-01-28 01:16:00,18-24,Male,West,Product A,1,Good value
864,2024-01-07 01:32:00,45+,Male,West,Product A,4,Highly recommended
865,2024-01-04 08:58:00,18-24,Female,South,Product D,3,Average experience
866,2024-03-02 04:41:00,35-44,Female,West,Product C,3,Good value
867,2024-02-16 22:27:00,35-44,Other,South,Product B,2,Excellent product
868,2024-01-30 15:11:00,25-34,Female,East,Product B,5,Not satisfied
869,2024-03-17 08:30:00,18-24,Other,West,Product C,1,Needs improvement
870,2024-02-03 08:52:00,18-24,Male,West,Product D,2,Very useful
871,2024-01-31 13:45:00,35-44,Female,North,Product A,2,Not satisfied
872,2024-01-13 02:06:00,18-24,Female,North,Product D,2,Very useful
873,2024-02-22 16:55:00,18-24,Male,North,Product C,2,Good value
874,2024-03-19 09:18:00,18-24,Male,North,Product B,5,Not satisfied
875,2024-02-01 13:38:00,45+,Other,East,Product B,5,Very useful
876,2024-01-09 16:54:00,45+,Female,West,Product C,5,Very useful
877,2024-02-27 19:16:00,18-24,Other,North,Product B,3,Good value
878,2024-02-15 00:24:00,25-34,Female,South,Product B,3,Not satisfied
879,2024-01-24 04:58:00,25-34,Male,South,Product A,5,Good value
880,2024-01-11 09:01:00,35-44,Female,East,Product A,1,Average experience
881,2024-03-17 05:55:00,35-44,Male,East,Product B,3,Very useful
882,2024-01-12 12:54:00,35-44,Female,East,Product A,3,Not satisfied
883,2024-02-29 20:33:00,18-24,Male,North,Product D,1,Good value
884,2024-03-21 19:06:00,25-34,Female,East,Product B,5,Very useful
885,2024-02-03 01:44:00,18-24,Other,South,Product A,4,Needs improvement
886,2024-03-18 06:50:00,35-44,Female,North,Product D,3,Needs improvement
887,2024-01-10 03:18:00,18-24,Female,West,Product A,5,Very useful
888,2024-03-21 06:26:00,18-24,Female,West,Product A,1,Not satisfied
889,2024-01-07 01:49:00,18-24,Male,West,Product B,2,Very useful
890,2024-03-15 19:21:00,45+,Male,East,Product B,3,Needs improvement
891,2024-01-22 19:19:00,45+,Other,East,Product C,2,Good value
892,2024-01-22 14:00:00,45+,Other,North,Product B,2,Excellent product
893,2024-01-07 00:24:00,35-44,Female,North,Product A,4,Highly recommended
894,2024-01-20 04:38:00,18-24,Female,East,Product C,1,Excellent product
895,2024-02-14 10:22:00,25-34,Female,West,Product D,1,Not satisfied
896,2024-03-08 22:25:00,18-24,Male,East,Product D,4,Needs improvement
897,2024-02-13 21:48:00,35-44,Male,North,Product C,4,Needs improvement
898,2024-01-09 18:14:00,25-34,Other,North,Product D,3,Good value
899,2024-03-15 10:30:00,18-24,Other,West,Product C,1,Good value
900,2024-01-22 10:52:00,45+,Male,East,Product C,5,Very useful
901,2024-03-20 22:00:00,18-24,Other,East,Product B,1,Average experience
902,2024-03-17 05:16:00,25-34,Other,South,Product D,4,Excellent product
903,2024-03-28 12:36:00,18-24,Female,West,Product D,5,Needs improvement
904,2024-02-26 05:50:00,25-34,Male,West,Product C,4,Highly recommended
905,2024-01-31 08:09:00,35-44,Male,South,Product D,2,Excellent product
906,2024-02-29 03:52:00,45+,Male,North,Product A,3,Good value
907,2024-03-01 08:20:00,18-24,Other,South,Product B,2,Average experience
908,2024-01-06 02:04:00,25-34,Female,North,Product B,1,Excellent product
909,2024-01-05 14:24:00,35-44,Male,North,Product A,5,Not satisfied
910,2024-03-29 15:02:00,35-44,Male,West,Product A,4,Good value
911,2024-01-23 01:29:00,25-34,Female,North,Product D,5,Highly recommended
912,2024-02-22 11:05:00,18-24,Other,East,Product C,3,Excellent product
913,2024-02-16 17:30:00,25-34,Male,South,Product B,5,Highly recommended
914,2024-02-29 00:33:00,25-34,Male,South,Product A,4,Excellent product
915,2024-02-23 10:36:00,18-24,Female,West,Product A,4,Excellent product
916,2024-01-15 07:18:00,45+,Female,North,Product C,3,Very useful
917,2024-03-27 23:31:00,45+,Female,West,Product B,2,Average experience
918,2024-01-19 17:52:00,45+,Other,South,Product C,4,Not satisfied
919,2024-03-04 22:02:00,18-24,Male,South,Product C,5,Good value
920,2024-03-05 16:52:00,25-34,Other,North,Product B,1,Not satisfied
921,2024-03-12 15:14:00,35-44,Other,South,Product C,5,Good value
922,2024-01-24 03:28:00,35-44,Other,East,Product C,3,Needs improvement
923,2024-02-15 02:29:00,45+,Male,South,Product C,2,Average experience
924,2024-02-09 21:32:00,25-34,Male,North,Product B,2,Not satisfied
925,2024-02-26 12:42:00,18-24,Other,East,Product B,5,Very useful
926,2024-03-09 10:32:00,45+,Other,South,Product D,2,Needs improvement
927,2024-03-23 22:18:00,45+,Other,South,Product D,4,Needs improvement
928,2024-02-17 06:53:00,45+,Female,East,Product B,1,Needs improvement
929,2024-02-16 00:46:00,18-24,Other,West,Product A,2,Not satisfied
930,2024-01-14 10:57:00,25-34,Other,North,Product A,5,Needs improvement
931,2024-02-28 08:25:00,25-34,Female,South,Product D,1,Excellent product
932,2024-03-30 12:44:00,25-34,Other,South,Product C,1,Highly recommended
933,2024-03-29 02:18:00,18-24,Male,West,Product A,2,Excellent product
934,2024-03-25 02:12:00,45+,Female,South,Product A,3,Not satisfied
935,2024-03-02 13:20:00,35-44,Female,West,Product D,4,Good value
936,2024-01-25 17:18:00,45+,Other,West,Product C,3,Average experience
937,2024-03-23 10:41:00,45+,Other,North,Product D,4,Needs improvement
938,2024-02-13 01:41:00,45+,Male,East,Product D,3,Not satisfied
939,2024-02-18 22:27:00,45+,Male,North,Product C,5,Good value
940,2024-02-13 12:52:00,45+,Other,North,Product C,5,Good value
941,2024-03-06 12:50:00,18-24,Female,South,Product B,1,Needs improvement
942,2024-01-30 16:12:00,25-34,Other,East,Product C,1,Excellent product
943,2024-01-04 12:52:00,45+,Male,East,Product B,1,Needs improvement
944,2024-02-26 00:46:00,18-24,Male,North,Product A,1,Average experience
945,2024-03-03 07:46:00,35-44,Other,South,Product C,3,Excellent product
946,2024-03-10 15:58:00,25-34,Male,East,Product A,1,Excellent product
947,2024-03-05 10:11:00,25-34,Female,West,Product C,2,Needs improvement
948,2024-02-21 11:57:00,18-24,Male,South,Product B,5,Good value
949,2024-03-14 05:00:00,35-44,Other,East,Product C,1,Very useful
950,2024-03-13 08:23:00,18-24,Other,West,Product A,4,Not satisfied
951,2024-02-07 09:42:00,18-24,Female,North,Product B,5,Average experience
952,2024-03-14 02:42:00,35-44,Male,North,Product D,4,Highly recommended
953,2024-03-26 21:14:00,18-24,Male,East,Product D,4,Average experience
954,2024-01-07 01:00:00,35-44,Female,West,Product A,4,Not satisfied
955,2024-01-26 06:59:00,35-44,Female,East,Product A,3,Excellent product
956,2024-02-09 12:39:00,45+,Female,South,Product C,2,Needs improvement
957,2024-02-11 07:48:00,35-44,Female,North,Product D,2,Average experience
958,2024-01-31 19:50:00,18-24,Female,South,Product D,4,Excellent product
959,2024-03-28 16:37:00,18-24,Male,East,Product D,2,Excellent product
960,2024-02-07 00:11:00,25-34,Other,West,Product A,4,Needs improvement
961,2024-01-30 06:04:00,45+,Female,North,Product A,4,Highly recommended
962,2024-02-28 03:33:00,25-34,Female,East,Product D,1,Highly recommended
963,2024-03-30 18:37:00,25-34,Female,East,Product C,5,Very useful
964,2024-02-21 15:04:00,35-44,Female,South,Product A,2,Excellent product
965,2024-02-15 16:28:00,35-44,Male,West,Product B,2,Average experience
966,2024-02-17 03:34:00,25-34,Female,South,Product B,4,Highly recommended
967,2024-02-03 04:57:00,18-24,Other,South,Product A,1,Good value
968,2024-01-18 08:20:00,18-24,Male,North,Product D,4,Needs improvement
969,2024-03-21 22:39:00,25-34,Female,North,Product B,3,Not satisfied
970,2024-03-18 06:31:00,25-34,Female,North,Product D,3,Needs improvement
971,2024-03-30 00:26:00,18-24,Other,East,Product A,1,Highly recommended
972,2024-02-08 10:05:00,45+,Other,South,Product A,1,Highly recommended
973,2024-01-20 07:16:00,35-44,Other,East,Product C,4,Good value
974,2024-01-24 10:08:00,18-24,Male,North,Product B,3,Excellent product
975,2024-01-30 00:59:00,18-24,Male,East,Product B,3,Highly recommended
976,2024-03-28 00:05:00,25-34,Female,North,Product A,4,Good value
977,2024-02-10 11:47:00,45+,Male,South,Product D,3,Very useful
978,2024-01-26 21:56:00,25-34,Female,North,Product B,1,Highly recommended
979,2024-01-05 01:57:00,45+,Other,South,Product B,4,Needs improvement
980,2024-03-29 11:26:00,45+,Female,North,Product B,2,Very useful
981,2024-02-08 10:44:00,25-34,Other,North,Product A,2,Highly recommended
982,2024-03-06 06:11:00,25-34,Female,North,Product B,3,Excellent product
983,2024-01-27 10:32:00,35-44,Female,North,Product D,1,Highly recommended
984,2024-03-04 22:49:00,25-34,Female,East,Product D,3,Needs improvement
985,2024-02-01 21:44:00,35-44,Male,North,Product A,5,Average experience
986,2024-03-06 23:20:00,18-24,Other,East,Product B,5,Average experience
987,2024-03-22 07:35:00,25-34,Female,East,Product A,2,Excellent product
988,2024-01-25 22:27:00,35-44,Other,East,Product D,1,Average experience
989,2024-01-12 03:49:00,35-44,Female,South,Product B,3,Very useful
990,2024-03-13 14:51:00,45+,Female,East,Product C,4,Average experience
991,2024-01-14 06:48:00,45+,Other,East,Product C,1,Highly recommended
992,2024-02-02 20:15:00,35-44,Other,East,Product B,4,Good value
993,2024-03-24 11:20:00,45+,Other,West,Product B,5,Excellent product
994,2024-01-10 00:03:00,18-24,Male,West,Product B,5,Good value
995,2024-01-27 13:22:00,25-34,Male,North,Product D,5,Good value
996,2024-01-31 01:30:00,35-44,Female,West,Product C,2,Excellent product
997,2024-01-07 17:05:00,18-24,Other,West,Product D,1,Highly recommended
998,2024-03-05 18:55:00,25-34,Other,West,Product A,4,Needs improvement
999,2024-02-01 12:00:00,45+,Female,North,Product C,1,Highly recommended
1000,2024-02-03 02:34:00,35-44,Other,South,Product C,3,Very useful
